lg	prob_lca
1	1.5686832538010344e-29
2	6.050566179221072e-32
3	2.6349232121825787e-31
4	1.3361043295365374e-23
5	5.619483701425228e-23
6	7.16556161066437e-27
7	4.395637499163987e-22
8	5.3009964587615065e-22
9	1.2312613111795965e-26
10	3.06094183363536e-26
11	2.3625011797531915e-21
12	5.729880537944862e-20
13	3.35829140395492e-26
14	1.02249126013303e-26
15	7.275682375472066e-26
16	1.3547553641043418e-29
17	1.3652303407261752e-24
18	6.057752537973782e-25
19	2.3962199452788616e-25
20	3.77400014574866e-21
21	5.381764601263683e-22
22	1.2625255016943838e-27
23	3.361466112177639e-26
24	1.0746867530728615e-22
25	4.9292655997178266e-24
26	2.0719876059517632e-26
27	4.163202783982314e-23
28	1.602517195314146e-29
29	5.000467119466794e-27
30	3.811788443537706e-28
31	2.5805492707548943e-24
32	3.496202373076277e-27
33	5.915307984740109e-29
34	1.985948828529777e-31
35	5.920723302457849e-28
36	3.835644520481645e-30
37	2.2106100562898745e-22
38	1.0188961380625775e-25
39	1.2632935963275659e-23
40	4.342165908315574e-23
41	1.0715204275763373e-28
42	1.4300069859484887e-24
43	3.1911216307804535e-23
44	3.9558259335609614e-25
45	2.7297037078589105e-22
46	1.462789561571447e-20
47	3.597217200048458e-21
48	2.843878515113889e-35
49	5.323457486679087e-25
50	3.888793742704689e-20
51	4.6131164483678524e-32
52	2.5415583760598463e-33
53	6.742829823735606e-28
54	1.544889526927572e-26
55	3.268352287748679e-21
56	9.609155064543588e-26
57	1.8676064279548602e-26
58	1.8984419472852705e-21
59	3.624159281911908e-20
60	6.594479761935068e-23
61	2.0622954057639642e-27
62	2.129476623062952e-23
63	2.490779543210731e-30
64	8.398848169762954e-25
65	2.9373474251256503e-27
66	5.0811011166254024e-30
67	1.9895280476345654e-21
68	3.9200083031402282e-28
69	1.1325156037162705e-30
70	1.3103418509241516e-23
71	8.767072838238543e-23
72	3.3143919002172506e-30
73	8.48448039556745e-28
74	4.582737100535399e-35
75	9.659847523772324e-26
76	1.2328665075173474e-20
77	2.1284636201943502e-29
78	1.66691884948183e-32
79	5.5034926847833136e-27
80	2.7891777233100265e-23
81	7.385360468648734e-28
82	1.9298758064956333e-24
83	7.453017715414799e-26
84	4.0005118811949237e-22
85	1.9541411738621576e-24
86	3.0444654571438096e-28
87	7.311227175573726e-28
88	2.3718592667134698e-22
89	1.2130042658277006e-21
90	1.1214593390305084e-25
91	4.272556888222112e-25
92	1.2578642714824485e-23
93	2.478751191479513e-24
94	1.8327456945905773e-27
95	8.75627484288511e-22
96	3.8851176957381555e-24
97	9.648572711340885e-28
98	1.0506689296225513e-22
99	2.847303163948594e-29
100	3.3161302259987157e-26
101	4.815856591203053e-20
102	1.5122940673178587e-28
103	3.7696999591660197e-28
104	4.830569547767489e-28
105	4.3651839820081437e-23
106	4.489902567185629e-30
107	1.2650319783859068e-31
108	2.96854462358514e-26
109	1.4626147738453136e-21
110	1.0884113574638461e-20
111	4.064072082018289e-26
112	1.8567799270151324e-24
113	2.5874539480647963e-24
114	4.317931231795641e-28
115	4.462858651920845e-30
116	2.5959273935921784e-32
117	2.771819651689221e-29
118	4.819410326385865e-23
119	1.7801127605275058e-30
120	1.1172304187922093e-20
121	1.255916383825279e-25
122	1.5442195222001959e-21
123	4.7052865279788283e-26
124	1.1403937238800484e-22
125	2.0659439040310674e-24
126	6.05587804153426e-23
127	1.7830009380564184e-25
128	4.959439466603917e-26
129	1.4188227577857101e-24
130	4.811200569339707e-35
131	3.376767598844526e-22
132	3.3709397814236513e-28
133	1.0832467658793735e-27
134	9.057311536334268e-25
135	1.5740059532839598e-22
136	2.4053418672737144e-33
137	1.0477076077707054e-26
138	1.942661303215041e-34
139	1.172745960426378e-29
140	1.0135083294871543e-26
141	1.082766381161525e-20
142	8.474501606805965e-21
143	1.2787056251059359e-26
144	3.952808112680587e-23
145	3.948000240581352e-24
146	8.39571455457604e-21
147	1.2750749497742802e-21
148	7.663453295867176e-22
149	9.168866027026812e-27
150	7.711599686061098e-24
151	6.749058952481915e-20
152	2.1195887809360578e-27
153	9.879929579758805e-29
154	4.521662236951437e-22
155	3.654758795255271e-22
156	1.3803494292814978e-24
157	4.0217303449153786e-24
158	2.1165180152156852e-23
159	2.9027061672989366e-24
160	3.1151376110530064e-21
161	6.252952907719374e-27
162	9.950467974477116e-21
163	4.26214702198217e-22
164	1.4544260257729497e-32
165	1.336351008266597e-24
166	5.10792587175284e-26
167	7.125030588391336e-23
168	2.277967164988878e-25
169	2.0837305774141143e-23
170	2.354452528441659e-22
171	5.9881255804463235e-30
172	3.2948874959385334e-22
173	9.720778078957328e-35
174	1.0338004355913651e-22
175	8.247833199064132e-24
176	3.1505137952579787e-28
177	1.5041134783416336e-23
178	1.7293173289816368e-23
179	8.937497358677912e-23
180	9.075188040323209e-26
181	5.678237641531812e-34
182	5.586345889884687e-28
183	1.621918903330153e-25
184	4.9512299256936985e-28
185	6.509599865395406e-19
186	7.328291486464852e-26
187	2.4527243141809223e-24
188	4.273568999416197e-23
189	9.1918016130987e-25
190	4.512193071000393e-29
191	1.0106424896167637e-21
192	1.3239768373479258e-27
193	8.473103950872965e-24
194	2.4642611433632464e-28
195	1.0036119565864007e-20
196	1.219603866741046e-30
197	2.496393458693329e-31
198	1.2405644452359765e-28
199	2.1091542535509146e-22
200	2.391344751649452e-29
201	3.0103012605821635e-22
202	3.7619210936443692e-22
203	3.988661398682297e-29
204	4.800180873963875e-26
205	1.5232529729300863e-27
206	9.911271418762e-24
207	7.038913454887186e-26
208	4.008020637582175e-26
209	1.1569124660716056e-21
210	3.111432123440797e-23
211	1.9032126913416247e-32
212	5.207341786222889e-25
213	4.044266842109417e-24
214	2.1347179589922194e-21
215	2.0974008950912192e-23
216	5.108608059723221e-25
217	4.93916289157562e-25
218	1.0338058746272885e-26
219	8.256677236284938e-30
220	3.0229002022442824e-22
221	6.047610937998779e-30
222	1.0173717016804855e-24
223	5.854972455144365e-23
224	8.772813930857217e-22
225	8.922794836893748e-25
226	7.3537655438457174e-28
227	1.3182510671834517e-21
228	1.189528227517383e-21
229	1.0820975824000407e-27
230	7.711727943622827e-25
231	9.956490788715058e-24
232	1.4059605956768151e-25
233	2.1563615863410526e-24
234	9.86007217276935e-28
235	3.38352005540051e-21
236	1.1807623070442166e-22
237	3.091943470974917e-27
238	7.364647062672883e-33
239	2.2168118296065253e-20
240	4.731348993679066e-24
241	9.042076155417267e-33
242	5.509311982512578e-29
243	7.188669263237481e-27
244	9.411342553871206e-22
245	4.515742760749143e-23
246	1.6307237251279573e-20
247	8.402326780087675e-28
248	1.5302022476536634e-21
249	1.9713339568729433e-24
250	6.425491802678937e-23
251	1.7483220116050784e-30
252	2.7655548365415645e-25
253	9.62350112498286e-25
254	2.1266420572144896e-24
255	1.2454683726759087e-27
256	3.4289862619733046e-24
257	1.1120379875550129e-32
258	2.2273211089089565e-25
259	5.1362882692928193e-26
260	6.780618059455611e-36
261	1.078277166931399e-22
262	1.569168321705775e-25
263	3.366067528102052e-30
264	4.69571960317976e-25
265	2.188350632350231e-20
266	2.0045848442352877e-20
267	1.3827750434366618e-20
268	1.5747683896004344e-22
269	9.187976637890107e-29
270	1.2833242618285923e-24
271	2.9337489704752703e-23
272	5.666430949882884e-28
273	2.0821052930626374e-31
274	1.333265126455028e-26
275	5.943567808172334e-32
276	2.6928763336441034e-27
277	7.076968357027043e-25
278	2.0809373331701872e-30
279	9.721940686172207e-27
280	5.699743523954488e-26
281	1.3736943274932144e-32
282	8.991596180831335e-29
283	1.0508419869080484e-28
284	1.0915055195225587e-28
285	2.1035686193357213e-33
286	1.6264638599757754e-20
287	7.584584661899251e-31
288	1.063143467626038e-26
289	2.3884887081788572e-23
290	4.6786054659254315e-25
291	6.174578028115845e-32
292	8.738560013552643e-35
293	8.727720707931425e-27
294	1.921084946425507e-24
295	1.8200137518757248e-31
296	1.5345833082578882e-22
297	1.5465650769119036e-25
298	1.1482344809958736e-24
299	1.6080804768366926e-23
300	8.23752706216058e-29
301	1.9630617459617075e-25
302	1.6034224884375068e-23
303	7.746220030545215e-22
304	8.527940118988337e-26
305	1.9394601812840505e-32
306	1.234893446396007e-22
307	4.968030152638123e-24
308	9.527641753497115e-21
309	3.1843002722521083e-22
310	1.5761068773268404e-28
311	6.379256724782415e-28
312	1.8254291170797843e-28
313	6.462655792865027e-29
314	5.958664117142847e-30
315	1.780798455563617e-24
316	5.0348108691195494e-21
317	1.199447873272572e-22
318	2.4202675564101963e-28
319	9.349085862026596e-25
320	6.0646985089710405e-28
321	1.5678047263211783e-20
322	3.0782243344915057e-27
323	5.314012056550761e-37
324	9.173603723034299e-30
325	8.700904142411923e-24
326	9.610093941006145e-25
327	6.606151894273173e-21
328	1.8925033155332175e-21
329	9.193838551902697e-26
330	1.078713710255885e-28
331	7.667914468026585e-27
332	6.601283977159777e-27
333	3.7237984376735484e-23
334	2.6391733932259348e-31
335	2.923003903165339e-32
336	2.2664901780420445e-21
337	2.8387064550484084e-23
338	1.2733861087812018e-21
339	2.74860062936068e-27
340	5.243054273553488e-24
341	9.286291442628255e-23
342	2.4301163223315464e-20
343	2.4624350881008793e-27
344	9.734713425559265e-27
345	5.994335126348866e-20
346	3.111689522083629e-27
347	1.358150118304912e-22
348	1.7074192992989872e-25
349	3.032945535294927e-30
350	1.923926112129664e-27
351	6.043147319518701e-23
352	5.286218032135744e-28
353	1.1453111160638561e-33
354	4.073314002707718e-24
355	1.7921192029875928e-31
356	3.0322670320960583e-24
357	3.049832738068773e-29
358	4.334082066093833e-23
359	1.8077559915648332e-23
360	4.0980048594067363e-25
361	3.332811179908704e-23
362	3.811515135133154e-20
363	8.821509491593973e-26
364	1.1837594767517537e-21
365	5.299265563656797e-23
366	4.340413221266921e-24
367	1.9683303928691158e-28
368	4.7292592765887784e-21
369	6.036674826890586e-25
370	2.7327163865839637e-25
371	6.924838366622831e-23
372	1.9924478733461487e-23
373	5.541113985808457e-24
374	8.373195483173757e-30
375	5.272194016522166e-31
376	5.974962334060554e-26
377	1.1744243658386055e-25
378	5.213796025801328e-26
379	5.612792183685923e-23
380	1.7297042343889493e-21
381	1.0741437224467363e-23
382	4.6085695561224766e-29
383	9.931272624207899e-28
384	1.2436548672565767e-24
385	2.4452777803643108e-30
386	3.5493497174977347e-25
387	3.5573553461556737e-25
388	7.985633060398514e-24
389	1.5876516462677197e-26
390	3.0857619553720144e-25
391	1.233368301067535e-33
392	2.6369941855770423e-26
393	1.2376148331407029e-23
394	4.3430715999116367e-23
395	9.257359225276155e-23
396	4.147666882532906e-34
397	1.774243819734395e-21
398	2.0316506442639287e-23
399	1.908691364858449e-25
400	1.15676235258634e-23
401	1.8239530035153469e-25
402	1.4926840482372756e-24
403	3.997415886370673e-24
404	8.153186584111525e-22
405	2.445436523005987e-24
406	3.26257152121016e-31
407	6.77771218462034e-26
408	1.0261039206494218e-24
409	6.498723157893372e-31
410	6.831522869972271e-27
411	4.8826680270744086e-32
412	2.09728094275508e-22
413	4.29757577073868e-25
414	1.1116849588302851e-23
415	3.880632462862124e-23
416	2.3674346611483858e-24
417	5.633637936013217e-21
418	1.207778707083624e-23
419	7.922011155100384e-28
420	3.086970291301819e-33
421	8.661441246319454e-29
422	4.906844837652083e-27
423	2.939112568504432e-30
424	1.5950179817817512e-23
425	3.8543699145232626e-29
426	7.393221389382296e-21
427	3.1987433431303114e-23
428	5.501118738635961e-23
429	7.41693568387764e-31
430	8.102493215163694e-24
431	2.5003409443895605e-30
432	7.815004502781893e-32
433	9.383732007000301e-23
434	3.987179570284995e-22
435	8.293433303716632e-25
436	2.3283690329553402e-29
437	6.037252906128267e-26
438	1.7642793084410456e-28
439	1.214132704699913e-28
440	1.93725097111785e-33
441	4.428324977843955e-25
442	1.2360155365571646e-25
443	9.96630244365393e-22
444	1.0815820690537616e-29
445	3.00886392914421e-30
446	1.5097422945127956e-27
447	9.210118808248117e-27
448	1.2931644534823924e-21
449	5.579085886895173e-29
450	7.389771877675649e-23
451	3.651361361393562e-29
452	2.745830531719518e-25
453	1.0577783070245083e-31
454	1.0114894537398484e-23
455	3.167089915327915e-30
456	3.351414718589183e-29
457	1.3635139346119811e-27
458	3.045962810059224e-26
459	1.985340875695368e-31
460	2.101076470410074e-21
461	1.3202742762297757e-30
462	5.612862971773757e-22
463	3.5859559294676767e-22
464	1.044203743272376e-24
465	4.590141672739523e-31
466	5.675301288885675e-26
467	2.339639406568014e-22
468	1.2003405977563077e-27
469	8.164707461859663e-24
470	1.1855392948421707e-28
471	9.288350031275731e-24
472	3.7561575429807886e-23
473	4.936200693435438e-21
474	4.309993049387311e-28
475	1.0726022287453312e-26
476	4.5937580620171837e-29
477	7.544482951360076e-20
478	8.929813055988401e-25
479	2.23536480217897e-28
480	2.4025852519660318e-26
481	1.4408446155649432e-21
482	2.613457156818689e-34
483	2.38098074579775e-24
484	1.1647051121954734e-25
485	2.463352456764099e-19
486	1.5516712910543435e-26
487	3.878822020578597e-26
488	1.5294364875310831e-29
489	8.41840163516297e-27
490	6.460192002473361e-23
491	3.193425006361513e-23
492	1.3174337892433101e-25
493	9.191995866914336e-24
494	4.3782722752640845e-22
495	3.6926544068525315e-24
496	8.113063680168425e-24
497	2.813315415057078e-22
498	1.755081410784259e-26
499	4.282014542591233e-25
500	1.8664970073447343e-33
501	2.9789218062783467e-24
502	2.974483270784831e-23
503	9.887932483708633e-23
504	3.4984906778344706e-25
505	1.6413395166951646e-28
506	3.0501344316561092e-24
507	2.1250248006826893e-23
508	7.628167832645078e-34
509	6.463812031407802e-33
510	3.3939701777509973e-31
511	6.226957966140733e-23
512	2.1844753193483416e-30
513	6.246649410975118e-25
514	2.198427491370721e-24
515	1.4948187025863342e-26
516	3.4724007077441016e-22
517	4.215717130630509e-25
518	1.1763484767146561e-23
519	6.513301654863742e-32
520	1.3399609336509324e-24
521	6.91378315250577e-22
522	4.3360038471649756e-24
523	6.688493971127733e-25
524	1.7893526614420061e-28
525	6.593938327034921e-28
526	2.5847480880601964e-22
527	1.4720735845589563e-23
528	1.863640289818384e-24
529	1.4944149575025206e-21
530	4.509933250939315e-25
531	1.3136225051349417e-27
532	7.423490962388328e-23
533	2.2894355488426757e-22
534	1.2681797917837335e-22
535	1.1205764200958597e-24
536	2.689292841300974e-25
537	1.1115708395987217e-21
538	1.0448125854455752e-29
539	4.048237798043508e-25
540	3.1367949653896884e-25
541	3.7419365223890546e-29
542	2.266413643062904e-24
543	1.35966957464167e-21
544	2.0160009985215538e-23
545	1.3698426962437755e-29
546	1.435015639698173e-24
547	1.3718266225500412e-22
548	1.9970297962323793e-21
549	6.047314938117519e-23
550	4.913018239469055e-24
551	3.3790935107476537e-23
552	6.526989493448951e-28
553	5.9503697896519924e-27
554	1.5937349806435525e-23
555	2.8775678663072614e-28
556	9.931849026356599e-29
557	4.355976534964559e-25
558	1.2858439015113612e-25
559	2.813315415057078e-22
560	2.2682193824272284e-21
561	5.603308196330989e-26
562	3.5857648419303337e-22
563	4.061970784700106e-26
564	5.63469752939747e-30
565	2.0546591491614385e-25
566	2.7441556243512794e-22
567	1.6685753256395702e-26
568	2.913188164984238e-22
569	1.0000092082207323e-24
570	1.7114910989645908e-23
571	2.015648889674388e-28
572	9.052578661171003e-21
573	2.3970768509459112e-26
574	4.811566341466219e-23
575	1.7326100640852435e-22
576	1.1214024006411597e-25
577	3.7958407631649367e-22
578	4.0629487142700016e-30
579	1.3941091197878367e-23
580	6.767157012081042e-32
581	5.25967080645483e-29
582	1.0154723439409429e-23
583	4.4826695161308e-24
584	7.328667521028466e-27
585	4.4964090749337985e-25
586	7.746059949087844e-22
587	6.974905686724231e-26
588	9.313452470586073e-27
589	8.575617273959637e-20
590	2.0754289818123242e-26
591	4.644931037967302e-23
592	3.126661080929567e-27
593	7.323329819151579e-23
594	6.104359412250212e-26
595	5.541235903012013e-26
596	2.5206842854532576e-27
597	6.406857276822386e-23
598	8.084632816852515e-31
599	1.7239884000622276e-21
600	2.6855419719179377e-25
601	4.591829474004561e-28
602	2.53494183625738e-27
603	1.0722665265304237e-26
604	7.728644402639667e-25
605	1.1439936547477588e-23
606	5.085541477382982e-20
607	1.1052539112901575e-22
608	2.4924264202923744e-25
609	6.084764507578116e-31
610	7.76388203548245e-22
611	4.055177290735775e-29
612	1.415164659291172e-23
613	3.5736247385296984e-21
614	1.37314596461287e-29
615	1.834019920418506e-23
616	1.8759596797403062e-23
617	9.455985991188242e-26
618	3.378757021358302e-26
619	1.8853835966627646e-28
620	9.256019762624603e-23
621	1.223365118076265e-32
622	2.888002361423491e-26
623	2.2649524171439347e-21
624	5.971293821844401e-29
625	2.191968858486992e-23
626	3.0775062578669248e-27
627	1.3539017623589765e-26
628	1.1607598230006391e-29
629	1.3947359725556885e-24
630	1.1760406841714718e-21
631	5.516092440588398e-22
632	5.900631635978785e-32
633	7.054735239212762e-27
634	2.0858475789463643e-30
635	2.016607338514652e-23
636	1.2262320349660487e-28
637	1.1299954508186655e-23
638	2.1107128162790935e-20
639	4.306766458181583e-28
640	1.1103230602221413e-28
641	6.3942628512668365e-25
642	2.835063071033848e-22
643	8.722645407606777e-24
644	5.1046414944343716e-24
645	4.579653547102087e-31
646	4.162408206036725e-28
647	5.455710948507507e-27
648	1.3772059209029064e-33
649	3.248667127820085e-20
650	3.376354366616726e-24
651	1.3202742762297757e-30
652	1.826066811816629e-21
653	4.585748561778125e-24
654	8.147402920935772e-21
655	3.901532306298108e-26
656	1.941381906358224e-24
657	6.563119607629949e-31
658	2.9081615825448714e-23
659	1.6059901871097361e-34
660	1.4094724294427355e-21
661	2.918115457151163e-28
662	2.0818953274701323e-23
663	2.0931733411474412e-32
664	4.420621256316055e-28
665	2.3646317038378498e-31
666	2.5274846076099734e-21
667	5.416055871849011e-20
668	2.142268401237119e-25
669	5.557113473827616e-20
670	7.33430338972779e-22
671	3.9471210645034065e-29
672	4.6394102164889894e-29
673	8.006630904469554e-22
674	1.0541078066550252e-25
675	9.588334216977095e-32
676	2.06932086908567e-21
677	1.7017474985544287e-28
678	1.86661579811801e-22
679	2.7510692638449317e-21
680	8.137122334779144e-29
681	3.0220847088733846e-31
682	8.21265714116898e-22
683	6.280446241265144e-35
684	2.2118838862491903e-25
685	3.0432336080241476e-23
686	1.008604674361045e-27
687	7.797206999585848e-22
688	7.613892247580778e-23
689	5.430416862077969e-26
690	5.3817461776441795e-24
691	2.9421595844886143e-24
692	2.762147599625393e-32
693	2.7090017235543845e-20
694	7.246815730378862e-26
695	2.583462546006158e-27
696	3.7747817587829305e-23
697	8.025487450836241e-23
698	7.308664251242943e-22
699	3.8146467330032117e-22
700	2.582564986479192e-24
701	4.2958615590438506e-33
702	1.765948499719087e-24
703	4.4972908637084285e-29
704	2.989024114919597e-34
705	1.8972998702531445e-22
706	1.97059801406758e-20
707	1.3219120782772695e-27
708	1.6738962015503289e-21
709	5.948227564671958e-32
710	6.026602791893385e-25
711	4.0925807637572347e-22
712	5.747785011971385e-21
713	8.428615460338589e-23
714	6.129789447883477e-27
715	1.4882757168268037e-22
716	9.671429071970443e-34
717	4.650437840532992e-26
718	9.930254649545058e-30
719	6.202591094357357e-22
720	8.132219249627331e-20
721	2.591796744846592e-29
722	2.262498076830863e-28
723	3.030890666697911e-25
724	3.495989032115423e-26
725	1.6296473689533135e-23
726	3.0846614147819875e-22
727	2.7982384194262202e-21
728	1.3871479079701453e-30
729	1.8563075786068697e-25
730	5.557326432560948e-25
731	8.99130990678448e-28
732	8.098967652260771e-32
733	3.3319688184488237e-25
734	6.266329953612767e-26
735	2.908576820975567e-27
736	1.3870728788396265e-28
737	1.0143157193636834e-25
738	1.2151109307133192e-21
739	4.27076163289957e-30
740	2.7844771511462956e-33
741	1.7754734549547912e-33
742	3.584191286874228e-31
743	3.2402603627549425e-24
744	2.6057020250881316e-24
745	1.2018033085397242e-22
746	2.250971653510795e-22
747	1.8532653304959985e-29
748	1.4339472108029644e-24
749	4.7949718022383706e-23
750	1.3055341964089264e-23
751	1.3889258353392916e-23
752	2.3806689538088618e-26
753	3.043004456370715e-28
754	8.680529272911665e-21
755	9.060933630465727e-28
756	1.079003179487551e-28
757	2.1700971454302263e-29
758	2.274047797009014e-22
759	2.264695154955801e-25
760	3.195000157824248e-21
761	1.187266556692946e-20
762	9.987003178868842e-25
763	1.3766803581256257e-24
764	5.731355636581761e-22
765	2.862651955036511e-25
766	9.965746394426705e-23
767	6.47923856205298e-35
768	3.358834087774584e-25
769	5.228312475131043e-32
770	7.151631534045259e-25
771	1.8906852002579156e-21
772	1.949144363731639e-23
773	8.453255924595248e-23
774	1.7415130986088527e-26
775	6.616964658297493e-23
776	2.830147852854283e-26
777	5.885338785508043e-31
778	1.1625071109240208e-21
779	3.366518299918082e-28
780	1.1459490009755895e-22
781	9.8210034558532e-31
782	2.798333351575743e-27
783	1.577886251888626e-23
784	8.936360308237521e-24
785	6.703183720524877e-22
786	1.6900488258977073e-22
787	3.394138438619813e-25
788	3.873259158089315e-23
789	7.058746493528748e-28
790	3.200317675380567e-27
791	1.1363196364961956e-23
792	7.972894133112639e-24
793	2.1144029537612253e-26
794	9.731749441098685e-23
795	2.1426294251688487e-24
796	1.0586781768669439e-22
797	2.829370115125775e-28
798	3.3269486565736653e-25
799	2.4088859100086825e-24
800	1.3854866791409082e-25
801	3.851186269601293e-27
802	3.027014187800363e-23
803	5.512288681150969e-24
804	3.507589515547855e-28
805	6.744912804196938e-26
806	1.173850335598872e-24
807	1.0959408282015743e-23
808	1.693178037620738e-24
809	1.0993717026838794e-22
810	5.760322233582256e-23
811	1.745047006402108e-22
812	3.561513554761914e-31
813	1.4851786133755143e-24
814	7.133809236040934e-27
815	5.195965769208557e-21
816	6.410605283861496e-22
817	2.8233954842209464e-25
818	3.3051066198228986e-22
819	1.90340828388467e-20
820	7.930953670118592e-25
821	2.9849989595642612e-24
822	7.8907534704584e-30
823	1.1176526785020841e-25
824	1.270722449089673e-25
825	1.617676482246185e-24
826	1.2697861327876655e-27
827	5.825594153955517e-23
828	4.347566567661491e-26
829	5.184243144456357e-23
830	7.861206853438327e-35
831	6.949305293759061e-29
832	7.994522472591568e-27
833	1.1836909478861096e-32
834	1.5695080902468582e-28
835	7.121287729226064e-29
836	2.5645196480335154e-20
837	5.488215052922388e-27
838	1.059536892851656e-27
839	1.8847537127223042e-26
840	1.2879743242421694e-21
841	2.719968476492152e-21
842	4.981337780280118e-22
843	8.65891340163e-25
844	1.461075065646963e-27
845	2.0676856042770213e-27
846	5.567480850660728e-25
847	1.1830640890911932e-27
848	5.028287132162377e-22
849	6.4334428207150186e-27
850	1.252435066838811e-21
851	1.7868384485107722e-24
852	7.799923453841477e-26
853	1.1600652065663594e-28
854	8.952471734205802e-33
855	1.1211240445299022e-23
856	2.8052928129375573e-27
857	3.253898612894336e-22
858	1.7094407550211003e-28
859	3.1448490663491903e-25
860	1.8400968143698892e-24
861	1.7547543295049794e-24
862	2.2571724949742016e-23
863	2.6246736966887136e-29
864	3.655735183293818e-21
865	4.4572850790527485e-25
866	2.036342110858884e-28
867	4.580714173760381e-25
868	3.535780197079254e-21
869	6.6669460045404026e-21
870	1.1383281777023224e-35
871	1.3054588944920532e-23
872	2.3242354051102067e-28
873	2.0625568164023098e-23
874	9.410568113258514e-30
875	1.2018526782872084e-21
876	1.596305686663253e-22
877	1.8542219953313655e-24
878	3.513387077163872e-24
879	1.4988958924145593e-27
880	4.648663769825531e-26
881	7.62140046129327e-24
882	6.2649868618573745e-28
883	1.1245056129476354e-27
884	1.8134281766780052e-33
885	5.091047713736176e-25
886	9.864902802916629e-25
887	3.869489925331517e-29
888	1.3094566597708535e-24
889	1.0115428954771144e-26
890	6.89414691672251e-26
891	4.700057426299363e-31
892	6.541921688559259e-31
893	6.352335232418759e-24
894	4.248388907765501e-27
895	5.597024683740912e-26
896	1.0862635805898369e-22
897	3.0641306312555434e-23
898	6.88480163474948e-28
899	3.518004525258586e-24
900	1.5688667701256228e-22
901	2.2288035924866416e-31
902	1.6035409215693717e-31
903	2.008993720155153e-23
904	1.1646926582643822e-28
905	4.7449374020501936e-24
906	4.141429981721467e-24
907	5.677610424855885e-23
908	6.890864579588769e-28
909	2.3555629129236677e-24
910	4.789163022675837e-28
911	3.591552838102838e-26
912	6.878438582509191e-26
913	5.028288396390641e-22
914	2.8145014384296357e-24
915	1.1125843202512515e-22
916	1.941307498363366e-23
917	2.217166160068186e-24
918	3.41444923016294e-23
919	1.5391360657768938e-25
920	1.0794434185249686e-29
921	1.4750315915360842e-36
922	6.618332130345007e-33
923	2.6398693246380272e-23
924	3.5559312031032706e-21
925	1.0342715811896012e-25
926	1.1277073390908214e-25
927	5.939110045156635e-26
928	4.421627197398102e-25
929	6.835532869745969e-23
930	2.0923734325616104e-23
931	4.349593866876814e-30
932	3.1978068665557515e-27
933	3.1194316334499814e-26
934	1.0919092027399632e-37
935	2.192752783939627e-23
936	3.7730545767373615e-23
937	1.9280293773757043e-27
938	8.59035598991497e-34
939	1.3988274059250838e-25
940	3.6830965842311874e-27
941	1.5162812841067629e-25
942	3.8865233136139573e-26
943	4.4648079751624475e-24
944	4.5198809181044345e-23
945	1.4478431519128178e-26
946	1.260007887356477e-24
947	1.0711140452227953e-21
948	1.0224783969955459e-21
949	2.9106605911123976e-25
950	2.1431573479867246e-21
951	3.305550167815209e-21
952	1.2569048043733955e-20
953	1.58754840484759e-25
954	6.837770199745866e-27
955	3.0289232738341363e-24
956	2.379885130488438e-28
957	1.1451845708842657e-27
958	5.536234053854305e-28
959	1.2492377178139995e-30
960	1.624855511169386e-24
961	2.099842933760748e-26
962	8.165516226421616e-31
963	9.327651516028191e-27
964	5.800078875846777e-25
965	1.2237743091656819e-23
966	2.3133519997223117e-22
967	2.753446709306779e-23
968	5.15654771036815e-33
969	1.7345119413515387e-26
970	2.7740511055100215e-30
971	1.1737198496152666e-22
972	3.6162037248680395e-25
973	1.7195423657556774e-23
974	2.263319701159451e-23
975	8.650898750243349e-29
976	1.0697714056337542e-23
977	1.2033006253795399e-26
978	1.785107284135065e-29
979	4.5546697241386715e-21
980	6.173587826195608e-32
981	2.3872242884016986e-22
982	5.102345657586298e-29
983	6.016495524686195e-24
984	4.5878565715092654e-23
985	3.1965008268048783e-26
986	2.6579200016960168e-27
987	9.402279841936267e-24
988	7.03875113081399e-24
989	2.0381735214732376e-25
990	1.4917197514457976e-20
991	1.523759102120851e-23
992	8.893932921769936e-24
993	2.3313850819399897e-22
994	5.366637370045495e-20
995	4.754779498037435e-28
996	9.110973850122097e-26
997	1.4228007515776682e-23
998	1.402733028207904e-28
999	2.0472010885649234e-29
1000	2.0000968510662584e-29
1001	2.6920098857838465e-25
1002	4.994904225030717e-19
1003	7.613089833553879e-32
1004	1.7540681052792153e-27
1005	2.1638158382765213e-27
1006	4.447366359199052e-22
1007	1.0624649648700335e-25
1008	1.2408243719745154e-32
1009	4.129932979101206e-21
1010	2.7034502666743334e-21
1011	6.45094171241517e-33
1012	6.135297367901244e-30
1013	8.368436552315189e-27
1014	2.5641882481964997e-28
1015	7.49579309637115e-34
1016	3.781945286606898e-28
1017	9.315233220624694e-23
1018	1.5405023346362734e-23
1019	4.358871314086541e-24
1020	8.970105535834871e-23
1021	3.824107206467283e-22
1022	2.6212724340668587e-26
1023	5.108416000456421e-32
1024	5.740883581214037e-26
1025	1.2432994738486674e-29
1026	5.3570919289462556e-24
1027	7.197437429951669e-22
1028	4.815843427805006e-31
1029	8.216723217385284e-27
1030	7.663453295867176e-22
1031	1.8660278239852554e-26
1032	6.807117355352985e-25
1033	3.5844153414763974e-23
1034	2.8984106567859783e-27
1035	6.88069411395424e-26
1036	2.3987523951367132e-28
1037	3.7361940744186224e-25
1038	1.2221016361028077e-31
1039	1.6588382623641784e-21
1040	4.8849840523707587e-26
1041	6.964554410985086e-24
1042	1.0800630662326828e-19
1043	6.948676821757611e-23
1044	3.3403944141694724e-20
1045	1.8124417451818705e-32
1046	1.8545670481168489e-23
1047	2.142885911929513e-27
1048	1.2014112770445032e-26
1049	4.299866732886332e-23
1050	4.176034856392935e-25
1051	4.032536801666715e-24
1052	1.812374165197952e-25
1053	3.6973650891562777e-25
1054	2.8849733639778985e-25
1055	9.883706415912706e-22
1056	4.1878751605419806e-29
1057	5.502945723691125e-23
1058	1.1505318746488292e-26
1059	2.849244007850247e-21
1060	3.5752989434594725e-32
1061	2.88777895927427e-27
1062	6.98704562716837e-26
1063	5.356664555132157e-22
1064	4.1825687440576065e-22
1065	3.4789984390615225e-30
1066	2.3157772061896152e-23
1067	1.5091216182718622e-22
1068	2.6312097033884582e-30
1069	9.109198198175634e-33
1070	2.342228644627133e-31
1071	4.2865482099307864e-23
1072	6.653300793464639e-30
1073	1.3350473834946335e-33
1074	1.3405294943548698e-30
1075	3.400528681714006e-34
1076	6.362616036861783e-24
1077	7.638846944339544e-25
1078	1.1335493807847748e-29
1079	9.406958801873499e-24
1080	2.716304546250723e-25
1081	4.1878751605419806e-29
1082	9.494057714940836e-22
1083	2.7042689302779618e-28
1084	1.8828233265105437e-24
1085	1.0632003650133392e-30
1086	2.8163805262997945e-20
1087	7.975849047800363e-23
1088	1.165518860027356e-32
1089	5.24624473492323e-32
1090	2.0588428180480714e-36
1091	2.91013529251909e-23
1092	9.609251224904933e-22
1093	5.218098044831426e-22
1094	9.369135925229618e-25
1095	1.016347705406866e-26
1096	7.2136405983644715e-25
1097	5.238404428210085e-28
1098	6.348533827990425e-24
1099	3.4763432729688845e-21
1100	5.1938689803002033e-20
1101	1.8406573810396938e-31
1102	1.6165862982547926e-27
1103	2.715854899190446e-37
1104	7.321755121974872e-37
1105	1.2308291865874275e-21
1106	9.070045977117996e-22
1107	6.841010862054465e-21
1108	1.2794773553187603e-27
1109	8.263334684501584e-29
1110	1.0630603116422652e-22
1111	2.0594160486550883e-26
1112	4.681991291384184e-23
1113	9.799804170589747e-27
1114	5.131694327784008e-22
1115	6.785232285267232e-30
1116	1.6109375780523435e-32
1117	2.6705904335925972e-22
1118	5.460099785266783e-25
1119	9.947060347558153e-25
1120	5.806695413028906e-22
1121	1.1135552575312338e-22
1122	1.3663581018101166e-23
1123	2.9249979017126515e-28
1124	3.925469515870386e-24
1125	3.1468771938709176e-26
1126	6.007369570310226e-22
1127	5.792854247711448e-23
1128	2.2219734444760804e-29
1129	3.800424883088907e-31
1130	1.4012137860598936e-22
1131	2.5941759861331932e-24
1132	2.2788196630245398e-23
1133	2.4166274538347023e-31
1134	4.784403586308431e-28
1135	1.4086373377120986e-22
1136	6.324611842325927e-24
1137	6.52555732087425e-23
1138	6.268492247195592e-24
1139	8.525855991258098e-27
1140	5.374710298298453e-29
1141	2.6227830900286428e-23
1142	5.282791095873258e-26
1143	6.529277484084839e-22
1144	2.118840849043701e-22
1145	1.9764708129971746e-24
1146	1.850603224109743e-28
1147	8.19262496853854e-24
1148	3.988560880433481e-24
1149	2.5862789613403703e-24
1150	1.1913380038335178e-28
1151	1.570085807862533e-21
1152	1.7830256821092794e-23
1153	1.6269478321365e-25
1154	4.42414644794774e-24
1155	7.937915099501646e-24
1156	2.2895524911732428e-24
1157	2.2853434662525347e-25
1158	2.1835327241275454e-28
1159	1.3485825294514141e-30
1160	1.901467157154508e-22
1161	3.9826406052440733e-26
1162	9.017312515676685e-20
1163	1.0612059456745218e-34
1164	3.8620761250227934e-22
1165	5.899043275520074e-34
1166	2.9804037615922835e-20
1167	1.9679519822091817e-21
1168	4.6937151590043366e-21
1169	1.5788418970975147e-24
1170	5.80843555231675e-23
1171	1.5847371650672032e-29
1172	3.1030380266243815e-23
1173	1.4518690598802312e-27
1174	3.237929926605983e-24
1175	4.527206165120644e-23
1176	3.653200386656065e-26
1177	1.612282730919855e-32
1178	2.679425655848438e-25
1179	2.196800638857408e-28
1180	1.405076692939174e-23
1181	2.2228138072222408e-27
1182	2.8261050211016254e-25
1183	7.436489607999524e-24
1184	2.1655424736750013e-23
1185	1.7887306726200202e-21
1186	4.23187314333409e-24
1187	5.275041911047168e-21
1188	6.634712920803703e-28
1189	3.388915525260884e-24
1190	6.931937851292454e-29
1191	3.8883053775602323e-22
1192	5.665901108162804e-35
1193	2.448572828923344e-28
1194	1.981114315039645e-28
1195	3.2241575232939417e-22
1196	1.072869281584545e-20
1197	1.2564473076989187e-30
1198	7.393442378666539e-33
1199	1.8654664751030546e-25
1200	5.603189173655417e-22
1201	1.6417900257249234e-25
1202	5.965887540551145e-23
1203	2.5277409200472986e-22
1204	1.137785292155389e-19
1205	2.4160175178765614e-28
1206	7.241032024163933e-31
1207	4.299345402442257e-26
1208	4.150445114647881e-25
1209	2.73950353764508e-24
1210	3.219557976992827e-25
1211	5.197060386920452e-23
1212	3.557366427006574e-28
1213	1.2492377178139995e-30
1214	7.642919633483367e-28
1215	2.3239195022291092e-23
1216	2.637887349334535e-31
1217	3.224301256292059e-23
1218	2.2236678356624536e-24
1219	7.400347534713646e-28
1220	5.531791692547324e-27
1221	2.66443377090529e-23
1222	5.757124702628643e-32
1223	2.8524006513238542e-34
1224	1.6542937689062956e-27
1225	3.984227764141596e-22
1226	1.2082956817687437e-38
1227	6.464957805837237e-21
1228	8.788250247591605e-25
1229	1.4372471387365209e-29
1230	7.508177482967972e-24
1231	3.729185578913514e-22
1232	9.46731408141588e-25
1233	9.551949871923689e-29
1234	1.1303786326036968e-22
1235	6.272804957676739e-27
1236	6.10534281615258e-30
1237	5.898116078067123e-33
1238	1.1689793399287851e-26
1239	2.1448717825216442e-27
1240	1.154216755676403e-24
1241	7.026904593944318e-38
1242	6.357861809056294e-30
1243	7.965967950649941e-28
1244	2.6591528981932304e-24
1245	2.9397781484336737e-21
1246	2.4848631520092704e-24
1247	1.6547017954936953e-38
1248	9.82049294512383e-25
1249	5.426651232933966e-22
1250	9.45297348138439e-21
1251	3.574920119283441e-20
1252	6.593882979355197e-22
1253	6.609522327421708e-25
1254	2.9465751597699562e-24
1255	1.5510971893847486e-27
1256	6.359825815591016e-22
1257	2.8491489585084057e-40
1258	1.4037599624533345e-31
1259	3.5221208899058137e-23
1260	7.993863247184086e-27
1261	1.8058090404714248e-34
1262	4.8345207593179114e-27
1263	4.433433728338658e-24
1264	1.8805805711389092e-35
1265	1.4790682889386084e-24
1266	1.5961370116444104e-23
1267	1.8293728353270792e-25
1268	1.411831378849015e-24
1269	5.508127170553364e-28
1270	2.877811680654932e-27
1271	1.955585573501547e-26
1272	2.0998012928903255e-23
1273	2.0352871465694268e-21
1274	2.6721565271537186e-26
1275	1.8498608360709115e-27
1276	6.35038922415805e-22
1277	3.747204862302383e-24
1278	2.863790819519866e-25
1279	3.774648235116911e-25
1280	8.891408569437913e-29
1281	2.7572389208753683e-22
1282	3.926217468525902e-30
1283	1.6348753803913715e-26
1284	4.380985401874343e-22
1285	2.089989347088368e-24
1286	1.9695980754085098e-24
1287	1.2090360852106454e-24
1288	5.560861324410448e-25
1289	6.593490239330544e-28
1290	2.4015913700743385e-22
1291	6.118113649410843e-28
1292	2.954358661878875e-23
1293	1.995044585685889e-23
1294	6.506912591331616e-31
1295	1.09515791011109e-27
1296	5.2705166699070045e-34
1297	1.1954673944703197e-27
1298	1.0131137066884528e-25
1299	2.9957768721214965e-27
1300	1.963369298406576e-27
1301	9.786171096323793e-21
1302	1.25996344377822e-32
1303	1.531669241544454e-26
1304	5.166750641275251e-28
1305	2.2487502179134366e-26
1306	8.274010470578201e-32
1307	8.952403953314944e-21
1308	8.102151349449123e-23
1309	7.801529523578237e-22
1310	5.812571321523928e-23
1311	4.6150177517958015e-29
1312	2.1486927735907013e-26
1313	1.7558272264855214e-22
1314	9.41162942881886e-27
1315	8.036922135931628e-27
1316	3.575927354376346e-26
1317	2.3260285309968372e-34
1318	1.342866114192904e-28
1319	2.63494619557949e-21
1320	5.6400330434286615e-28
1321	1.0449476357505857e-26
1322	2.9380991702553486e-30
1323	4.0950010596466554e-23
1324	5.925136901892046e-25
1325	3.692095591037485e-26
1326	4.021344912439079e-32
1327	3.307427436444284e-28
1328	1.0189426581415872e-23
1329	1.3543701427808981e-26
1330	1.488069087909805e-25
1331	1.0253106033079842e-24
1332	3.4454744114884516e-25
1333	3.612207678624905e-27
1334	3.1189337829153065e-29
1335	2.012820421565392e-27
1336	1.684998188691786e-22
1337	9.007338240617934e-26
1338	5.288692008931181e-25
1339	3.988725433231244e-28
1340	2.2389513284481553e-26
1341	4.3340320849079525e-27
1342	2.240533656138832e-23
1343	3.2724781632287263e-23
1344	2.973080473745657e-32
1345	2.964817738830856e-25
1346	5.440911838187665e-27
1347	1.5531521185963893e-21
1348	9.040879099759884e-31
1349	4.646978892206564e-25
1350	2.2599366354141912e-21
1351	1.1776322738359689e-26
1352	5.748801144206956e-24
1353	9.30348663253743e-24
1354	1.2574265954277023e-28
1355	3.432647586648239e-23
1356	2.3067077515716795e-29
1357	6.942944729822192e-24
1358	1.6566359647521335e-24
1359	1.3237264746455456e-26
1360	1.4010669218630178e-29
1361	5.230334001714836e-29
1362	3.8600604546571104e-23
1363	1.0529654292796387e-22
1364	1.1357823358946703e-30
1365	8.915229805797593e-34
1366	5.608459961123107e-20
1367	5.8486925944754386e-21
1368	2.3172911133722815e-25
1369	7.147723625466058e-23
1370	4.263961840164329e-27
1371	2.066440542680787e-24
1372	9.856836041343598e-22
1373	1.8576371771748348e-26
1374	1.2291862471842645e-23
1375	3.539728196893326e-26
1376	7.746418554860614e-31
1377	4.833193048372523e-24
1378	1.7525159117784478e-25
1379	4.395728500420196e-23
1380	1.871866264715414e-23
1381	5.656206813780586e-28
1382	2.0667896894616e-23
1383	1.3673418589552566e-23
1384	2.6477216055475967e-23
1385	7.891754046314463e-25
1386	5.825982991788646e-29
1387	2.8181072304225485e-25
1388	1.0435550811988299e-28
1389	3.664766775986701e-27
1390	3.127544987960996e-25
1391	5.872605456256198e-24
1392	6.323748583528729e-30
1393	1.1198742395031443e-20
1394	8.102659923405121e-27
1395	2.69216895115272e-24
1396	1.6886325232677267e-29
1397	8.287347333994472e-30
1398	1.466720266290156e-22
1399	1.6268279383596716e-24
1400	2.0789046317310497e-22
1401	3.853521421316183e-30
1402	1.810996426865996e-24
1403	4.629099845845333e-31
1404	1.2193937295190711e-28
1405	4.6464221528311886e-29
1406	1.1611879826451687e-24
1407	1.3865872765082601e-27
1408	4.7491980555619454e-23
1409	1.780671479266546e-21
1410	3.1188506331622796e-20
1411	9.031984621600516e-24
1412	4.879564317216716e-25
1413	1.7165157558126663e-21
1414	2.0278677124875995e-26
1415	1.3904485069519608e-29
1416	8.493619632488325e-28
1417	1.0390050428169434e-26
1418	1.2140533736637493e-20
1419	1.6490554492374498e-26
1420	1.713566632217747e-24
1421	4.8242408397836794e-26
1422	4.090551219250323e-22
1423	8.209809810497238e-29
1424	5.841140631052124e-26
1425	1.3312585313872316e-34
1426	4.868650707965592e-24
1427	2.9038191754588634e-21
1428	3.5243348284692276e-30
1429	3.9614024328090975e-23
1430	1.4263938758743795e-28
1431	5.673531302545945e-29
1432	1.9988551614539134e-26
1433	7.613471175582989e-25
1434	2.686714950676331e-32
1435	1.567272732031292e-23
1436	4.117923112223734e-31
1437	1.155090990453589e-33
1438	4.974483631768616e-22
1439	5.5989474902993104e-24
1440	1.6147961598056926e-21
1441	1.7835988132826116e-25
1442	2.321383040205471e-21
1443	5.9912588020006514e-21
1444	4.503751156402764e-24
1445	1.3809251506654841e-30
1446	7.290869003891877e-25
1447	5.3522105259523966e-30
1448	1.5164895192499128e-25
1449	9.225648977585114e-24
1450	2.092398804559291e-25
1451	9.213429574965797e-24
1452	7.741223028205312e-20
1453	7.972732154541025e-29
1454	1.1741885727495777e-28
1455	7.2395610556064875e-22
1456	1.0303957579317252e-27
1457	1.9628099691945395e-23
1458	4.8152480893811694e-26
1459	1.4916741801230257e-23
1460	7.442703322942762e-23
1461	8.54992580476253e-24
1462	2.4826405332715132e-23
1463	1.605430776898638e-26
1464	5.03461057700798e-22
1465	4.411643583419932e-31
1466	1.1111627441148938e-35
1467	3.8700560895029723e-28
1468	1.3168573372444848e-28
1469	3.7738307093846104e-24
1470	2.0727384293970593e-29
1471	2.1759798626048463e-26
1472	1.9383251978891796e-26
1473	1.3902463222681866e-22
1474	9.518881957628273e-28
1475	3.1773110411641966e-22
1476	5.8506699650721874e-27
1477	3.181722569708872e-36
1478	7.19883820481253e-28
1479	1.3607487280588837e-22
1480	1.1728016594634878e-25
1481	2.1670176772341466e-25
1482	1.0948592380982308e-23
1483	2.1872758556392277e-23
1484	3.732504498381774e-21
1485	2.8281204388093625e-28
1486	1.1609690549302907e-19
1487	1.528451159292558e-22
1488	2.9495460223200794e-27
1489	5.795455695306014e-28
1490	1.5442077938343215e-29
1491	1.290733594553621e-24
1492	8.848987792731682e-24
1493	6.296620214300365e-24
1494	1.1121777029316594e-28
1495	5.930846047924166e-26
1496	6.219006617148232e-28
1497	4.096807000691813e-30
1498	7.133226122756282e-29
1499	3.2433807787525807e-23
1500	1.2304096667010634e-27
1501	9.37743411506743e-24
1502	6.172811769328956e-29
1503	3.747678130876147e-30
1504	2.2739867016327616e-24
1505	4.591701362918043e-21
1506	6.433011843760308e-26
1507	4.12631584281549e-21
1508	3.7924443044021596e-28
1509	5.656868204598611e-29
