lg	prob_lca	Language_ID
1	1.5777557346246256e-29	abar1238
2	6.316124765212934e-32	abkh1244
3	3.867705451787319e-31	abua1245
4	1.4176327482985004e-23	abun1252
5	5.647634643532775e-23	acha1249
6	1.029808517650931e-27	achi1256
7	4.412083569542298e-22	achi1257
8	5.223474537508086e-22	achu1248
9	1.2353717768706232e-26	acol1236
10	3.2274869797028977e-26	adan1251
11	2.4236164252040253e-21	adon1237
12	5.917627849170146e-20	adze1240
13	3.269403385514671e-26	afar1241
14	1.0387254765817484e-26	aghe1239
15	7.891303956723685e-26	aghu1255
16	2.3919582770390774e-29	aghw1237
17	1.3625719503184286e-24	agob1244
18	5.8709059272404085e-25	agua1253
19	1.736104311714125e-25	agut1237
20	3.8407192088335595e-21	aheu1239
21	5.390169797368603e-22	ahom1240
22	1.2899959450192516e-27	aime1238
23	2.827129437315403e-26	ainu1240
24	1.0935134059929293e-22	ajab1235
25	1.6368268368833623e-24	ajie1238
26	2.1154003720861335e-26	akab1249
27	4.334135076225807e-23	akha1245
28	1.5979092123470116e-29	akka1240
29	1.3287617522995823e-27	akla1240
30	3.7584516641243366e-28	akoo1248
31	2.581870947818254e-24	akun1241
32	3.792750379057094e-27	alab1237
33	5.731958266490389e-29	alab1254
34	1.084815265775727e-31	alac1244
35	5.777955795736712e-28	alag1248
36	3.75265559450421e-30	aleu1260
37	2.3458937310654366e-22	alor1247
38	9.828458826207634e-26	alse1251
39	1.2193074792506901e-23	aluk1238
40	4.3543330633181544e-23	amah1246
41	1.0484637187135329e-28	amam1246
42	1.472465682306307e-24	amap1240
43	3.300271055247119e-23	amar1272
44	3.8272919453171726e-25	amar1274
45	2.7690865273949246e-22	amas1236
46	1.4673297533039596e-20	ambo1250
47	3.563148441586069e-21	amdo1237
48	2.92490958537544e-35	amii1238
49	5.393601953769872e-25	amis1246
50	4.358728464575622e-21	amri1238
51	4.654679746395227e-32	anci1242
52	2.4212650616621238e-33	anci1244
53	6.7735891926241485e-28	anei1239
54	3.5321467143463635e-26	anga1288
55	3.404790143943309e-21	anuf1239
56	1.1601818477708777e-25	anut1237
57	1.8092905892091552e-26	anuu1241
58	1.981493983814977e-21	aona1235
59	3.5978734859494433e-20	aoua1234
60	6.763778950671965e-23	apat1240
61	5.1084009760583716e-27	apin1244
62	2.182058228063922e-23	apma1240
63	9.919129642213576e-30	apur1254
64	8.630515592506607e-25	arak1252
65	2.7974954885080654e-27	arao1248
66	4.998843514361297e-30	arap1274
67	2.080687301754595e-21	araw1273
68	3.9814069804583637e-28	arbo1245
69	1.1480644562696722e-30	arch1244
70	1.3007330548074705e-23	area1240
71	8.933947821567909e-23	aree1239
72	3.1139305470035586e-30	argo1244
73	4.424783237783778e-28	arhu1242
74	4.478701556446594e-35	arom1237
75	9.871526452474437e-26	arop1242
76	1.2580077351665048e-20	arop1243
77	6.522807621057601e-29	arta1239
78	1.6554439085648214e-32	ashe1272
79	5.67443849315525e-27	assi1247
80	2.6296856284004536e-23	asur1254
81	7.301694308018629e-28	atak1252
82	1.9699888221445485e-24	atam1240
83	7.287838073740628e-26	athp1241
84	4.1416887470573114e-22	aton1241
85	3.9026949974174787e-25	aulu1238
86	3.2698129338503584e-28	auuu1241
87	7.424599790371775e-28	auye1238
88	8.61088086781226e-22	avac1239
89	1.2044709507141699e-21	awac1239
90	1.1186954957458605e-25	awad1243
91	4.0267376814791033e-25	awad1244
92	1.2969140868068308e-23	awar1249
93	2.6238969333296517e-24	awet1244
94	1.823368692175935e-27	axam1237
95	8.639962517215624e-22	axiy1235
96	3.684491423504202e-24	ayac1239
97	1.0011410079667602e-27	ayiw1239
98	1.0760642687808926e-22	azha1235
99	6.141436198899128e-29	baba1264
100	3.4036090395455515e-26	baba1266
101	4.6428735627042345e-20	baba1267
102	1.5422700619090806e-28	babi1235
103	3.838868486402535e-28	bafi1243
104	4.95933914586871e-28	bafu1246
105	1.1553815742822193e-23	bagi1246
106	6.325752359979923e-30	bagv1239
107	1.226045043962529e-31	baha1259
108	2.9618887549536756e-26	bahi1252
109	1.5011076742877427e-21	baim1244
110	1.0719868770387099e-20	baka1272
111	7.268727382891311e-26	baki1244
112	1.8805182372374394e-24	bala1311
113	2.580794237593473e-24	bala1315
114	4.231813954342435e-28	bala1316
115	4.3262157053318915e-30	bali1278
116	2.4552657301716346e-32	balu1257
117	1.1655462012672548e-29	bamu1253
118	4.8599954479505337e-23	band1344
119	2.636164197358585e-29	bang1354
120	2.1988286975216755e-19	bang1369
121	1.245428326579837e-25	bant1281
122	1.4728876555360872e-21	bara1357
123	4.6989716050623177e-26	barg1252
124	1.2333780928963193e-22	bari1286
125	2.0696366643497877e-24	baro1253
126	5.797694647879829e-23	bash1264
127	1.784725310212948e-25	basq1248
128	5.232274765232247e-26	bata1289
129	1.3822555374373072e-24	bats1242
130	4.845411178727243e-35	baur1253
131	7.698962552710084e-22	bawm1236
132	2.328297667372611e-28	bayb1234
133	1.0884704756295233e-27	bebe1248
134	9.128844950784378e-25	beka1241
135	1.5395352477905815e-22	bekw1241
136	2.409487032317093e-33	bela1254
137	2.3064263640721828e-26	belh1239
138	1.8864091299888864e-34	bell1243
139	1.184824323156662e-29	bemb1257
140	1.0104410153785659e-26	bent1238
141	1.0708777769468844e-20	berb1259
142	1.4996445938553746e-21	beta1252
143	2.923914868792054e-27	bezh1248
144	3.8624990291972393e-23	bhoj1244
145	2.3893953744781809e-23	bian1252
146	8.363887197839975e-21	biao1253
147	1.259792890731923e-21	biao1254
148	7.427897636565138e-22	biao1256
149	9.908588018087493e-27	bier1244
150	7.682996759846751e-24	bign1238
151	6.831691600489128e-20	biha1246
152	2.0701147602301714e-27	bili1260
153	1.0211180332785802e-28	bimi1240
154	4.592922120721764e-22	bina1277
155	3.686284483140695e-22	bini1246
156	1.4260236252437121e-24	bira1253
157	4.0030456390131345e-24	bisl1239
158	2.1478502995288884e-23	bisu1244
159	3.034719194410472e-24	bitt1240
160	3.030825262142554e-21	biwa1243
161	6.166822378080697e-27	blab1237
162	9.928377064639879e-21	blan1242
163	4.430192903465862e-22	bodo1269
164	1.3943573047470514e-32	boht1238
165	1.3701738470972094e-24	boka1249
166	5.211185194751848e-26	bola1250
167	7.11349478149315e-23	boly1239
168	2.254744464949629e-25	bomk1234
169	2.052998806763409e-23	bona1250
170	2.363083627461268e-22	bond1245
171	2.1926373211722496e-30	bond1247
172	4.958161019109619e-22	bong1289
173	9.77565134591814e-35	bora1263
174	1.0574707899191319e-22	bord1248
175	1.0202059231152737e-23	bori1243
176	3.14068594649035e-28	boro1277
177	1.592749712625058e-23	boro1282
178	1.7128731006791336e-23	boto1242
179	8.771412980040274e-23	boun1243
180	8.977931268497888e-26	brah1256
181	5.410336436985357e-34	bret1244
182	1.285240203090396e-27	brib1243
183	1.6203218666362376e-25	budu1248
184	4.678478553415398e-28	budz1238
185	6.711181471596824e-19	buga1247
186	7.352892929889563e-26	buga1250
187	2.43442711463941e-24	bugi1244
188	4.35648064249014e-23	bugl1243
189	8.911372797301696e-25	bujh1238
190	4.607228470246387e-29	bull1247
191	1.0223173004440635e-21	bulo1242
192	1.3685249162244093e-27	bulu1251
193	8.3822665760032e-24	bumt1240
194	2.337136282670899e-28	bund1253
195	1.5664450707001548e-20	bura1292
196	1.1624129370272242e-30	burj1242
197	2.443503636427559e-31	buru1296
198	1.2426976928056932e-28	buru1320
199	2.099208558625359e-22	busa1253
200	2.301662788901742e-29	bush1247
201	3.1086133868981658e-22	buwa1243
202	1.0223823632705369e-22	bwai1242
203	3.8780711148771807e-29	bwat1240
204	7.06706382455577e-26	byan1241
205	1.0241111512313636e-27	caac1237
206	9.473554236851767e-24	cacu1241
207	7.032459481432151e-26	cahu1264
208	3.7903605991721245e-26	cakf1236
209	1.1126615900966655e-21	cald1236
210	3.1523982740600016e-23	caml1239
211	1.8630925803846237e-32	camp1261
212	5.497777114554205e-25	cane1242
213	3.992517099098283e-24	caom1238
214	2.1666044131345096e-21	capa1241
215	2.0731154299337364e-23	carn1240
216	5.143360698436994e-25	caro1242
217	5.098439282757489e-25	cash1251
218	1.0298266334218944e-26	cavi1250
219	8.73573912974587e-30	cemu1238
220	2.991116506746675e-22	cent1989
221	8.574261301950993e-30	cent1990
222	1.0640462700398674e-24	cent1992
223	5.909692772677963e-23	cent2004
224	9.018038941627853e-22	cent2050
225	9.311654948842886e-25	cent2084
226	7.698753716725585e-28	cent2087
227	1.2290455090437242e-21	cent2090
228	9.02602978831589e-22	cent2126
229	1.0650896392989839e-27	cent2127
230	2.468754622700747e-25	cent2131
231	9.734435264003158e-24	cent2140
232	1.3483046678699523e-25	cent2142
233	9.85254232703268e-25	cent2150
234	1.01191761450492e-27	cent2292
235	3.428388603073183e-21	cent2314
236	1.1249763228145861e-22	cent2322
237	3.365523892254767e-27	chac1251
238	7.38897997895863e-33	chad1249
239	2.276346972575208e-20	chak1270
240	4.8384639716352064e-24	chak1271
241	8.467880930940702e-33	chal1275
242	3.632875727680038e-28	cham1309
243	6.969212323338758e-27	cham1312
244	9.246399152556627e-22	chan1313
245	4.433358388284875e-23	char1269
246	1.689036196697009e-20	chas1234
247	8.30695708659074e-28	chec1245
248	1.5656903197879633e-21	chek1238
249	1.9470148744440444e-24	chen1255
250	1.2577464575619553e-22	chep1245
251	1.7454053737803605e-30	cher1273
252	2.7283618890666713e-25	chhi1245
253	3.2509739681235077e-24	chib1270
254	2.2495893056386804e-24	chic1270
255	1.2869965751544042e-27	chil1280
256	3.2592453686400082e-24	chim1302
257	1.1542846736807206e-32	chin1286
258	1.313149991177162e-24	chip1241
259	5.217263657322668e-26	chip1261
260	7.034035954812174e-36	chiq1248
261	5.979724141600183e-23	chir1283
262	2.0274793514528698e-25	chit1248
263	3.3140711615391624e-30	choc1276
264	4.711083428638126e-25	chol1284
265	3.0834830042833376e-20	chon1284
266	5.378615399311302e-21	chot1239
267	1.4030671415497077e-20	chra1242
268	1.5705742072570749e-22	chug1252
269	9.70491244152293e-29	chuj1250
270	1.214003491042425e-24	chuk1273
271	2.8062429053575776e-23	chuv1255
272	5.760312902948655e-28	chuw1238
273	2.126708689138635e-31	cici1237
274	1.3409380815042043e-26	clas1249
275	5.96607395813901e-32	clas1250
276	2.601192277687758e-27	coat1243
277	6.824062352127888e-25	coca1259
278	2.0772009988367572e-30	coeu1236
279	9.348569501667811e-27	colu1241
280	5.746238367309748e-26	coma1245
281	4.3972791908696586e-33	como1259
282	9.169920442096274e-29	coos1249
283	1.0435884543260453e-28	copa1237
284	8.495465527969187e-29	copt1239
285	2.1034945517303998e-33	cors1241
286	1.63342650700639e-20	cosa1234
287	7.646744677572648e-31	cowl1242
288	1.1105758404016818e-26	cree1270
289	2.3378443885195537e-23	crim1257
290	4.696652486447026e-25	cros1244
291	6.32153188936422e-32	crow1244
292	8.416388254688491e-35	cube1242
293	9.059749986912779e-27	culi1244
294	1.8045632240544084e-24	cusc1236
295	1.7967790221492955e-31	czec1258
296	3.0717361433876487e-22	daai1236
297	1.5717753333800477e-25	daas1238
298	1.1629040464116485e-24	dadi1250
299	1.6522573260238366e-23	dagb1246
300	2.2585376858933053e-29	dagi1241
301	1.9332343268631297e-25	daka1243
302	1.6188696696321917e-23	damp1237
303	7.660272724134538e-22	dana1252
304	1.285984062096063e-25	dand1238
305	3.6934254226347196e-32	dani1285
306	1.1597966176358408e-22	dara1250
307	4.700153760588892e-24	darm1243
308	3.2283134322071192e-21	daur1238
309	3.047543974721537e-22	dawr1236
310	1.550923189394996e-28	daza1242
311	6.148198355462068e-28	dege1246
312	1.3523402820147365e-27	dehu1237
313	3.9676927843157215e-29	dera1248
314	5.664643093097174e-30	desa1247
315	1.891283264667208e-24	dhao1237
316	4.95710739078776e-21	dhim1246
317	7.900812169046971e-23	dhuw1249
318	1.4209102304762092e-29	dido1241
319	6.2593691519884555e-25	diga1241
320	5.990264839915321e-28	digo1243
321	1.5757796885157845e-20	dima1251
322	2.990812279302091e-27	djam1255
323	4.920166626864528e-37	djee1236
324	1.428819737865135e-30	djin1251
325	9.221373054184697e-24	dobu1241
326	9.726212328046708e-25	domm1246
327	6.327030084724351e-21	dong1285
328	1.9490707532973445e-21	doro1266
329	9.538769823459179e-26	drun1238
330	1.0761047454489912e-28	dumb1241
331	7.5922720954935e-27	dumi1241
332	6.659691370295294e-27	dupa1235
333	3.497290343364983e-23	dura1244
334	2.5594714699635346e-31	dusn1237
335	2.713728310598355e-32	dutc1256
336	2.3273691429829888e-21	dyan1250
337	2.7731244353427525e-23	dyul1238
338	1.244854635110596e-21	dzao1238
339	2.706840900498709e-27	dzon1239
340	4.775512443972592e-24	east2328
341	9.476170723836352e-23	east2330
342	2.4599284748380433e-20	east2342
343	2.5928823148279447e-27	east2443
344	1.4218178021458577e-26	east2447
345	6.002819901224586e-20	east2485
346	3.0834392730186673e-27	east2516
347	1.3766977960429347e-22	east2545
348	1.6829113272034096e-25	east2555
349	3.0458745261410535e-30	east2556
350	1.1234019494482164e-26	east2690
351	6.037813096184689e-23	east2773
352	2.6093796830238517e-28	east2782
353	2.2817706838448635e-33	egyp1253
354	4.253531651709918e-24	eipo1242
355	1.843719140484374e-31	ekar1243
356	3.169656439279137e-24	elmo1238
357	2.7264051644148e-30	elna1235
358	4.5669980983926143e-23	emae1237
359	1.768408359101808e-23	emai1241
360	4.260405788953443e-25	embe1260
361	3.315424322962994e-23	embe1262
362	3.848583731710367e-20	enuu1235
363	8.658305062328353e-26	epen1239
364	1.2307080769990828e-21	ersu1241
365	4.9461201427834715e-23	erzy1239
366	4.249522416937779e-24	esee1248
367	1.899280956047928e-28	esim1238
368	4.44609599767598e-21	esto1258
369	6.037401237901507e-25	eude1234
370	2.5966347569216594e-25	even1259
371	6.773765478955228e-23	even1260
372	1.9317682695695342e-23	ewee1241
373	5.5862904509404684e-24	eyak1241
374	7.955191553587446e-30	fare1241
375	1.6178703505664585e-31	faro1244
376	6.124981989197868e-26	fiji1243
377	1.2203119844553606e-25	fili1244
378	2.424766924325836e-26	fina1242
379	5.21543239421242e-23	finn1318
380	1.754122571751701e-21	fonn1241
381	1.0307944794605747e-23	fore1265
382	4.446289503782672e-29	fran1266
383	1.02266108840386e-27	fuln1247
384	1.2673937677243034e-24	furr1244
385	2.560374807172931e-30	futu1245
386	3.6079337666275583e-25	fuyu1242
387	3.413890725579069e-25	gade1242
388	7.871252191927369e-24	gaga1249
389	1.6268526169880822e-26	gaga1251
390	2.8797029583022443e-25	gahr1239
391	1.2320281552016505e-33	gali1258
392	7.43828291254251e-27	gali1262
393	3.647531587464611e-23	galo1242
394	4.3006905953389845e-23	gami1243
395	8.705418284290604e-23	gamo1243
396	1.0360186849027605e-33	gand1255
397	1.8362810726750145e-21	gang1266
398	2.1591259839648885e-23	gant1244
399	1.9576330756125266e-25	gapa1238
400	1.1742642318251683e-23	garo1247
401	1.7957490338759808e-25	gata1239
402	1.5385953477385629e-24	gayo1244
403	4.108663390761988e-24	geba1237
404	8.248002073636069e-22	geda1237
405	2.4542752423266573e-24	gela1263
406	2.9476625500735656e-31	ghad1239
407	6.831992093263334e-26	ghan1242
408	9.337931599689602e-25	ghar1239
409	6.433111069181266e-31	gheg1238
410	6.724393001642893e-27	ghod1238
411	9.018271879425916e-32	ghom1257
412	2.179311999310792e-22	gilb1244
413	4.31139536360567e-25	gily1242
414	1.1343385360035128e-23	gira1247
415	6.4091957576820815e-24	glav1244
416	2.352828105951009e-24	gofa1235
417	4.483172486362139e-21	gogo1265
418	1.2362366509597486e-23	gola1255
419	7.936940078702318e-28	gros1243
420	3.0648432428615408e-33	guah1255
421	8.59806087471201e-29	guan1266
422	5.481887521960543e-27	guan1269
423	1.577004122923466e-30	gube1234
424	1.6610608882566616e-23	gude1246
425	3.750872068457356e-29	guer1243
426	7.69072261780296e-21	gugu1253
427	3.3223504270875497e-23	guhu1244
428	5.560079356139455e-23	guiq1238
429	7.165339057098699e-31	gulf1241
430	8.55889167240576e-24	guma1254
431	2.5598497322256264e-30	gumu1244
432	8.027023867171597e-32	gunw1252
433	9.03818111143526e-23	guny1241
434	3.9142952775353834e-22	guru1261
435	8.621683532344779e-25	guru1271
436	2.2440778829870718e-29	gusi1247
437	5.970705612070348e-26	gyel1242
438	1.8110713784880393e-28	haaa1252
439	1.1775509849140528e-28	hadi1240
440	1.9777491321698462e-33	hadz1240
441	8.059703049650509e-25	hait1244
442	1.2723047268244192e-25	haka1240
443	9.344452423021627e-22	halh1238
444	4.087685897396753e-29	hali1244
445	2.918214947974622e-30	halk1245
446	1.5034145791422386e-27	hame1242
447	9.613462831554513e-27	hang1263
448	1.312467410817784e-21	hani1248
449	5.598198865350075e-29	hano1246
450	7.496499116470001e-23	haru1245
451	3.6773626686465227e-29	hava1248
452	2.896318008588672e-25	hawa1245
453	1.8915087155528148e-31	hebr1245
454	9.686451619967112e-24	hela1238
455	3.17808229278602e-30	here1253
456	3.50080505989482e-29	hida1246
457	1.326260255146446e-27	high1276
458	1.5209533852729718e-26	hind1269
459	1.0238998234802129e-31	hixk1239
460	2.157284750018031e-21	hoaa1235
461	1.3602840147153172e-30	hoav1238
462	5.569371980614996e-22	hone1235
463	3.520930200425284e-22	honi1244
464	2.1043980755843825e-24	hooo1248
465	1.0134065961532177e-30	hopi1249
466	5.586889510013593e-26	horp1239
467	2.497971037281204e-22	hote1245
468	2.791271976865877e-27	huaa1248
469	7.632250120031108e-24	hual1241
470	1.1945368663111397e-28	huam1247
471	9.15445811603328e-24	huar1255
472	3.679312997526778e-23	huas1242
473	4.982550566953987e-21	huba1236
474	4.376972450694127e-28	huic1243
475	1.0746539941651484e-26	hula1239
476	4.193045836025377e-29	hula1244
477	7.787964641888656e-20	humb1243
478	8.487833519261892e-25	hung1274
479	2.425392522318082e-29	hunz1247
480	2.449320495994044e-26	hupd1244
481	1.4335619189143803e-21	huuu1240
482	2.4939056674656285e-34	iaai1238
483	2.3730834868460698e-24	iatm1242
484	1.179441338582031e-25	ibal1244
485	2.5147637255255817e-19	iban1264
486	1.5742165006661035e-26	iban1267
487	3.955850771264149e-26	ibat1238
488	1.3976331626025223e-29	icel1247
489	8.350151880629666e-27	idii1243
490	7.125029445948304e-23	idum1241
491	3.316682469279258e-23	idun1242
492	2.5523741078896515e-25	ikkk1242
493	9.846651221069518e-24	iliu1237
494	4.151370486091742e-22	imba1240
495	3.627955109208989e-24	indo1316
496	8.223987748081766e-24	ines1240
497	2.6334372614196988e-22	ingr1248
498	1.7272671921248776e-26	ingu1240
499	2.0996630531321193e-25	irar1238
500	1.8791290853474413e-33	iris1253
501	2.8585144301595942e-24	iron1242
502	2.8924693557067706e-23	irul1243
503	9.797663523450831e-23	isco1239
504	3.4836859399410227e-25	isin1239
505	1.7691457689276411e-28	isir1237
506	4.3512973092661645e-24	isna1241
507	2.7535428360081165e-23	isth1240
508	7.500066941999887e-34	ital1282
509	2.994622627076824e-33	iton1250
510	3.3782665525898066e-31	itza1241
511	6.250679761466099e-23	iumi1238
512	2.236958782581814e-30	ivat1242
513	6.304267135588532e-25	iyoo1238
514	2.1352792205513872e-24	jalk1242
515	1.5041731920132914e-26	jama1261
516	3.4588356847179916e-22	jama1262
517	4.1871548554647285e-25	jamb1236
518	1.175414298542243e-23	jams1239
519	6.583249696924271e-32	japh1234
520	1.333791794531228e-24	jaqa1244
521	6.805902116167717e-22	jara1266
522	4.392339870133091e-24	jeha1242
523	6.222272123788314e-25	jenn1240
524	1.7847740399810353e-28	jina1244
525	1.6757103757719247e-28	juan1238
526	2.653016389108035e-22	juku1254
527	1.5084432734524726e-23	jurm1239
528	1.864542746904968e-24	kaba1278
529	1.4927455307418485e-21	kaba1281
530	4.64889302234761e-25	kach1280
531	1.3550522169458715e-27	kach1284
532	7.151375550375059e-23	kada1242
533	2.319024963138971e-22	kado1242
534	1.1968896129217098e-22	kafa1242
535	2.263591898598764e-24	kaga1256
536	2.691742447829866e-25	kagu1239
537	1.1124111527855243e-21	kaik1246
538	1.0273414598374877e-29	kala1384
539	4.305640601037994e-25	kala1388
540	3.139762652865702e-25	kala1399
541	1.1614762555735284e-28	kali1308
542	2.5110540454989464e-24	kalk1246
543	7.010207838962851e-22	kalm1243
544	1.8999229246847946e-23	kama1351
545	1.2767201000437474e-29	kamb1297
546	1.3963686608215031e-24	kamb1299
547	1.3677872088031512e-22	kamm1249
548	2.1354198844472295e-21	kamu1260
549	5.872645592989797e-23	kana1286
550	8.570580347940405e-25	kana1291
551	3.2831874583981557e-23	kani1286
552	2.420455714267657e-27	kank1243
553	3.3195779562462635e-27	kaqc1270
554	1.6255997747390787e-23	kara1482
555	2.8537103582376824e-28	kara1486
556	9.953552165183242e-29	kara1487
557	7.0137107730288815e-25	kara1500
558	1.283466472351002e-25	karb1241
559	2.6334372614196988e-22	kare1335
560	7.575750214628695e-22	kare1338
561	5.569300512808858e-26	kari1254
562	3.565332699402018e-22	kari1311
563	4.6706870623827715e-26	karo1304
564	5.3484553350763044e-30	kash1277
565	2.161274279191447e-25	katb1237
566	2.759178630816873e-22	kats1235
567	1.663111616450307e-26	kava1241
568	3.044588246245478e-22	kaya1315
569	1.0040420672592517e-24	keap1239
570	1.6520046798034908e-23	keda1252
571	5.611999737785626e-28	keig1242
572	9.223593164209264e-21	kele1258
573	1.8838028812708043e-26	kele1259
574	4.955705986509275e-23	kemb1249
575	9.255103433804471e-22	kens1248
576	1.1758726324632982e-25	kenu1236
577	3.8743723148343364e-22	keoo1238
578	4.0768281907594774e-30	kera1255
579	1.4200126851647508e-23	kesa1244
580	6.844568787173869e-32	kett1243
581	5.099971628817839e-29	kgal1244
582	9.670901523833914e-24	khak1248
583	2.9504388660605616e-24	khal1275
584	7.145890954937427e-27	kham1282
585	4.480394063120334e-25	khan1274
586	7.825316811568426e-22	khan1277
587	6.803804026462955e-26	khan1278
588	7.279887340635932e-27	khar1287
589	8.390757220197757e-20	khar1288
590	2.209217664629096e-26	khas1269
591	4.657376199202611e-23	khez1235
592	3.168736860459808e-27	khin1240
593	7.505903299459843e-23	khmu1256
594	6.008297309196515e-26	khva1239
595	5.607988585138447e-26	kich1262
596	5.139577988852286e-27	kiku1240
597	6.069783093403518e-23	kile1243
598	8.011931290227951e-31	kili1267
599	1.6901081790096956e-21	kimm1245
600	6.042454252349373e-26	kinn1249
601	4.553040323276588e-28	kiow1266
602	4.7955785964378984e-27	kips1239
603	1.0656378345605016e-26	klam1254
604	7.298829410698696e-25	koda1255
605	1.1756146690052412e-23	koho1244
606	2.8679191570767427e-20	koir1240
607	1.1239512118751308e-22	koit1244
608	2.415283505563163e-25	koko1269
609	6.409748823643096e-31	kola1285
610	7.6933684186765505e-22	kolb1240
611	3.9364654952534984e-29	kolc1235
612	7.441366837034138e-24	kolu1245
613	3.737930328025513e-21	komb1274
614	5.0431644070856283e-29	komc1235
615	1.7099462200637716e-23	komi1268
616	7.613199665621045e-24	komi1269
617	9.293586498396433e-26	komi1270
618	3.523896223213587e-26	kona1242
619	1.8023088437638246e-28	konk1267
620	9.48944897206699e-23	kony1248
621	1.7127811179115439e-31	koon1244
622	2.9240811871176866e-26	koor1239
623	2.2362161013624544e-21	kore1280
624	5.9070327337761e-29	koro1298
625	2.2463122969798097e-23	kosa1249
626	3.102730039924826e-27	kosr1238
627	4.3683386813592724e-26	kota1263
628	1.1156833200232068e-29	koti1238
629	1.4775943488666726e-24	kove1237
630	1.181793488343637e-21	koyr1240
631	5.51344631226074e-22	koyr1242
632	5.796141169199406e-32	koys1242
633	1.1971527665153608e-25	kryt1240
634	2.0637389327596685e-30	kuan1247
635	2.0450576101630103e-23	kuan1248
636	1.1502172381469088e-28	kuik1246
637	1.1938873425801823e-23	kuku1273
638	2.2172730330133413e-20	kuku1280
639	1.0315522221574871e-27	kulu1253
640	1.1274191026093598e-28	kuma1276
641	6.268446505208695e-25	kuma1280
642	2.861082854599452e-22	kumb1268
643	9.088136028306474e-24	kumz1235
644	5.0549222983094035e-24	kuna1268
645	4.401447687721117e-31	kunb1251
646	4.1065855313866355e-28	kuni1267
647	6.85262357198413e-27	kunj1245
648	1.3485385838544173e-33	kuot1243
649	3.299062490483652e-20	kupa1239
650	3.2195403055809737e-24	kurr1243
651	1.3602840147153172e-30	kusa1251
652	1.8812052081642346e-21	kusu1250
653	4.535475265506416e-24	kute1248
654	8.227089554382269e-21	kuyy1240
655	3.860827941762388e-26	kwai1243
656	5.1196150026871055e-25	kwam1249
657	6.761051153356312e-31	kwam1252
658	2.990440223660898e-23	kwar1239
659	1.6069541866277128e-34	kwaz1243
660	1.790261018322267e-21	kweg1241
661	2.997243457517797e-28	kwin1241
662	1.565173823580207e-23	kwom1262
663	2.0942086036876634e-32	kxoe1243
664	4.441756956176132e-28	kyer1238
665	5.107206775809258e-32	laal1242
666	2.5481030728381315e-21	labu1248
667	5.353987291632127e-20	lach1248
668	4.464805097152215e-25	lagw1237
669	5.712791022291315e-20	lahu1252
670	7.75046363098388e-22	lahu1253
671	9.692356262924462e-30	lakk1252
672	4.607109458323279e-29	lala1264
673	1.1959488318324237e-21	lala1268
674	1.0836122504796526e-25	lama1277
675	9.629602717366284e-32	lamb1269
676	1.5123133531028234e-21	lamk1238
677	1.1707579141652903e-28	lang1320
678	1.8433283702902658e-22	lara1260
679	2.8131986002836464e-21	lash1243
680	8.22088347927801e-29	lati1261
681	3.045632571248884e-31	latv1249
682	8.460699190669387e-22	lave1248
683	6.421523889631534e-35	lavu1241
684	5.256354538208315e-26	lazz1240
685	3.132167025173818e-23	leco1242
686	1.023570841296647e-27	lega1249
687	8.027421807454459e-22	lele1267
688	7.661370443608704e-23	lele1270
689	5.23950002918125e-26	lele1276
690	1.6245364201735603e-23	lemb1266
691	3.013144819501808e-24	leme1238
692	2.735085744539384e-32	lena1238
693	2.846588011312464e-20	lend1245
694	7.387923515117963e-26	leng1259
695	2.4715552252206574e-27	lepc1244
696	2.5917601859128294e-23	lese1243
697	1.2569734247183732e-22	leti1246
698	7.437074940649417e-22	lewo1242
699	3.833322766346212e-22	lewo1244
700	2.5877053523334742e-24	lezg1247
701	4.2621749916854146e-33	liby1240
702	1.729267860535294e-24	liji1238
703	4.227813853410318e-29	lika1243
704	2.9114806815149483e-34	lill1248
705	1.9486012082690384e-22	ling1265
706	2.0012213703499406e-20	lipo1242
707	1.5079016911235382e-27	lish1245
708	1.7180291240956757e-21	lisu1250
709	5.926773510507165e-32	lith1251
710	6.291377888439463e-25	litz1237
711	3.9190642878922272e-22	livv1243
712	5.442486566308428e-21	livv1244
713	8.003881801693024e-23	logo1259
714	3.768495942581898e-27	loka1252
715	1.4788686026835454e-22	lolo1259
716	9.504477695772308e-34	lomb1257
717	4.735124103218936e-26	long1395
718	9.817637257953663e-30	loni1238
719	6.570617057883097e-22	lote1237
720	8.39308974378841e-20	loth1237
721	2.5076553142624314e-29	louu1245
722	2.277755808987124e-28	lowe1427
723	2.997430356076298e-25	lowl1260
724	3.2254527836049854e-26	lowl1265
725	1.698863793164291e-23	luan1263
726	2.9380063238805265e-22	ludi1246
727	2.9089505683975874e-21	lugb1240
728	1.378773019131107e-30	lugu1238
729	1.899667679234117e-25	luis1253
730	5.349840264890032e-25	lule1254
731	8.713362851558778e-28	lumu1239
732	8.055981974436932e-32	lund1266
733	3.680603881480293e-25	luok1236
734	6.345033585879535e-26	lush1249
735	2.842876779988624e-27	lush1252
736	1.4193109475868906e-28	luva1239
737	1.0005189905128321e-25	luya1241
738	1.2639820965370045e-21	maan1238
739	4.375136397170498e-30	maba1277
740	2.7670678597013598e-33	mace1250
741	4.42961170167779e-34	maco1239
742	3.3721939148138855e-31	macu1260
743	3.2769770162817442e-24	mada1285
744	2.8055845448922635e-24	madi1260
745	5.0867161024915705e-23	madn1237
746	2.2914702401050594e-22	maee1241
747	1.874026090930211e-29	magd1235
748	1.5336649498877113e-24	maib1239
749	9.607254297214449e-23	mail1248
750	1.2914262956139045e-23	mais1250
751	1.3094675959631222e-23	mait1250
752	2.4577500706656138e-26	maja1242
753	2.995859714135489e-28	maka1304
754	8.759111800344235e-21	makc1235
755	8.85767022366826e-28	makh1264
756	1.05088379669941e-28	makh1266
757	2.078694177782394e-29	mako1251
758	2.164075764607203e-22	mala1463
759	2.1693621035711414e-25	mala1464
760	3.2964260639087686e-21	mala1479
761	1.2192775077552497e-20	mala1481
762	2.2216468233169934e-24	mala1522
763	1.32726939973536e-24	male1284
764	6.087100296020866e-22	male1289
765	2.0808109602464657e-25	male1297
766	9.857357613585124e-23	malg1251
767	1.1660102263866713e-34	mali1285
768	3.5025505509551466e-25	malo1243
769	4.984047600322192e-32	malt1254
770	7.095292600447923e-25	malu1245
771	5.519136138927182e-22	mama1275
772	3.265235184795943e-24	mamb1294
773	6.317717703452392e-23	mamb1306
774	1.718446559307281e-26	mamm1241
775	2.1286064760058778e-23	mana1288
776	2.799701931015044e-26	mana1295
777	5.8840759030586935e-31	mana1298
778	1.1261380745633132e-21	mand1415
779	3.5071125564246293e-28	mand1440
780	1.1619240048485187e-22	mang1378
781	9.141700983538039e-31	mang1381
782	2.6563135593696608e-27	mang1394
783	1.7056504705056978e-23	mang1401
784	9.326012682755213e-24	mang1403
785	2.933831236202298e-22	mang1405
786	1.6898041472635623e-22	manm1238
787	3.6775642084434055e-25	maor1246
788	4.0963208957999414e-23	mapo1242
789	7.173612612957399e-28	mapu1245
790	2.9422192066632728e-27	mara1378
791	5.113531771397006e-24	mara1379
792	8.312997422196665e-24	mara1382
793	2.2101847149243094e-26	mara1386
794	9.898607591284379e-23	mara1399
795	2.1129990724514384e-24	marg1265
796	1.103835826004206e-22	mari1416
797	1.846343707918108e-28	mari1424
798	3.3486981650475743e-25	mari1426
799	2.432709480050515e-24	mari1428
800	1.4371279597216057e-25	mari1440
801	4.0190999460345706e-27	mars1254
802	2.925848670840369e-23	mart1255
803	5.634277625515414e-24	maru1249
804	3.520777097700655e-28	masa1322
805	6.89540866587577e-26	masb1238
806	1.2231000185877643e-24	mask1242
807	9.152167046252032e-24	matb1237
808	1.75491752577365e-24	mati1250
809	1.0711740766662306e-22	mato1252
810	5.872776607313617e-23	mats1244
811	1.6953782765198285e-22	matu1261
812	3.596542682532481e-31	maun1240
813	1.6272791685296668e-24	maxa1247
814	7.217170239772534e-27	maya1285
815	5.104884101116223e-21	mayk1239
816	6.395815886669792e-22	mayo1261
817	2.8553188423246197e-25	mayo1264
818	3.321250824347681e-22	maza1304
819	1.9721786442788082e-20	mban1263
820	7.848700112805871e-25	mbar1260
821	2.9151993664203298e-24	mbay1241
822	7.51116937887055e-30	mboc1235
823	1.1587052309437025e-25	mbul1263
824	2.9179660697569586e-25	mbya1239
825	1.4468642146330315e-24	meen1242
826	1.747924998583102e-27	mehe1243
827	5.790718694610152e-23	meke1243
828	1.2979700270617032e-26	melo1242
829	5.289421387918387e-23	melp1238
830	7.652364044966322e-35	mere1242
831	6.701187444268196e-29	meru1245
832	8.02033497799876e-27	meta1238
833	1.20603241021229e-32	mezo1235
834	1.5425553808459737e-28	mezq1235
835	7.298307059444216e-29	mich1245
836	2.6037968161788098e-20	miju1243
837	8.594487330002951e-27	mika1239
838	1.0535804658348304e-27	mikm1235
839	1.9192304095299294e-26	mila1245
840	1.6598792595192346e-21	mina1268
841	2.6655465791303675e-21	mina1276
842	4.747013437713484e-22	minh1238
843	8.727976626851129e-25	mini1251
844	1.5248812018179694e-27	mini1256
845	2.0493717616670853e-27	minn1241
846	5.627254952823529e-25	misk1235
847	1.199772002293905e-27	mixt1426
848	4.995159275846277e-22	miya1259
849	5.1839682177766115e-27	miya1266
850	1.2941436116579335e-21	mlab1235
851	1.79294696461794e-24	moba1244
852	9.696144877100359e-26	moch1257
853	2.8599631931837625e-28	moco1246
854	8.791245918042913e-33	mode1248
855	1.1531731899680378e-23	moke1242
856	2.8882681578064637e-27	moki1238
857	3.2695837159000754e-22	mokl1243
858	1.6298177817044123e-28	mokp1239
859	2.9100245205976617e-25	moks1248
860	1.7238410020244845e-24	mola1238
861	1.762025785053545e-24	mono1270
862	2.3058418307347183e-23	mono1275
863	4.17474455084608e-29	mopa1243
864	3.91692591971016e-21	morm1235
865	8.758554247326603e-25	mose1249
866	2.0763809351890948e-28	mosi1247
867	4.61587646696618e-25	motl1237
868	1.081731668100994e-20	motu1246
869	6.876473831271345e-21	moun1252
870	1.1447518192738185e-35	movi1243
871	1.3465342297101853e-23	moyo1238
872	2.3349208911786745e-28	mpad1242
873	2.0875513706825183e-23	mpii1239
874	9.171469739218134e-30	mpot1240
875	1.280288143446483e-21	mpur1239
876	1.6425606303706524e-22	mual1241
877	1.7943646798376166e-24	mudu1239
878	3.55594731634783e-24	mudu1242
879	1.4600580848884429e-27	mull1237
880	4.71156171142128e-26	munc1235
881	3.923860820787699e-24	mund1320
882	5.90460105230084e-28	mund1325
883	1.1120862468945614e-27	mund1328
884	1.8826479661840754e-33	mund1330
885	5.0506352989374595e-25	murl1244
886	1.0062291791183235e-24	muru1266
887	4.015515447564099e-29	muru1274
888	1.3895073174546461e-24	musa1266
889	2.345378878847417e-26	muso1238
890	6.970604978343763e-26	mwag1236
891	1.791361868302047e-30	mwan1247
892	6.2697298430085435e-31	mwer1248
893	6.602929881855941e-24	naka1262
894	4.245341006095114e-27	nali1244
895	5.512216007332279e-26	namb1293
896	1.131271315453702e-22	namu1246
897	2.9504096799967714e-23	nana1257
898	7.156579296087996e-28	nand1266
899	3.4677989441096356e-24	nang1262
900	1.687378080634702e-22	naue1237
901	2.2718810347457883e-31	naur1243
902	1.7025222941563152e-31	nava1243
903	1.0431723042693657e-22	nawu1242
904	1.127826866915784e-28	ndam1239
905	4.879766988273819e-24	ndog1248
906	3.977397469318682e-24	negi1245
907	8.297719052082279e-23	nend1239
908	6.89623907466169e-28	nene1249
909	1.5366532529471896e-24	neng1238
910	4.793332856353324e-28	nenn1238
911	3.5184529698632993e-26	nepa1254
912	6.71031249079895e-26	nese1235
913	7.209406832086047e-22	newa1246
914	1.498064660769417e-24	nezp1238
915	1.2012428128891106e-22	ngaa1240
916	1.978977990202441e-23	ngab1239
917	2.2702321783863647e-24	ngal1292
918	3.372651593737017e-23	ngam1268
919	1.46801948952203e-25	ngan1291
920	2.0576613854572926e-29	ngar1235
921	1.4097323310753311e-36	ngar1283
922	6.604738686734797e-33	ngar1284
923	2.7006440827401605e-23	ngas1240
924	2.8198288408852603e-21	ngba1284
925	1.0211400791224895e-25	ngba1285
926	8.901623443723728e-26	ngit1239
927	5.922213572060047e-26	nhan1238
928	4.539432348709932e-25	nhen1239
929	6.755473885345737e-23	nica1252
930	2.0566210673325768e-23	niha1238
931	5.698224024201506e-30	nila1242
932	5.195835038037365e-28	nisg1240
933	3.163458728420648e-26	niua1240
934	1.0693309370142376e-37	niva1238
935	8.092263188843723e-23	njan1240
936	3.6115404737948327e-23	noct1238
937	1.952980556248099e-27	noku1237
938	8.308007124943808e-34	noon1242
939	1.3815636605781447e-25	noon1243
940	1.3441008972420895e-26	nopa1235
941	1.4596999963553105e-25	nort2671
942	3.919457738565756e-26	nort2684
943	4.279855022606498e-24	nort2690
944	4.2290637998428214e-23	nort2697
945	1.3596264972481238e-26	nort2702
946	1.2975876770165295e-24	nort2722
947	1.0761752601001542e-21	nort2723
948	1.0384844314114633e-21	nort2732
949	2.781250456508212e-25	nort2745
950	2.1361683564409047e-21	nort2747
951	3.378800317836182e-21	nort2774
952	1.3021672218378045e-20	nort2828
953	1.6290223760011903e-25	nort2839
954	6.843533193771841e-27	nort2845
955	2.1699463617783508e-24	nort2877
956	2.3416187013325174e-28	nort2885
957	1.364857115006405e-27	nort2930
958	5.469576569723478e-28	nort2938
959	1.266892945203291e-30	nort2942
960	4.76574270850383e-24	nort2952
961	2.0792700501535203e-26	nort2954
962	8.17968854708036e-31	nort2957
963	6.7586327440209e-26	nort2959
964	5.868724250634869e-25	nort2961
965	1.2260170536488261e-23	nort2972
966	2.159285853079711e-22	nort2980
967	2.6670600912550125e-23	nort3047
968	2.9030361786982423e-34	nort3139
969	2.9665916707381735e-25	nots1237
970	2.6428811195831424e-30	nsen1242
971	6.344970845305856e-22	nubi1253
972	3.3411363309588996e-25	nucl1235
973	1.725258999395658e-23	nucl1240
974	2.1658395217316153e-23	nucl1301
975	8.343048013746445e-29	nucl1302
976	1.0352851562259128e-23	nucl1305
977	1.1720561324274597e-26	nucl1310
978	1.785034165098782e-29	nucl1327
979	4.623928088708309e-21	nucl1417
980	2.6368614287865354e-32	nucl1458
981	2.41550788480745e-22	nucl1593
982	5.147336347643608e-29	nucl1622
983	1.163941266798245e-24	nucl1630
984	4.5521489151898526e-23	nucl1633
985	3.0573128351934235e-26	nucl1643
986	2.543446093806146e-27	nucl1706
987	8.796284320380103e-24	nuer1246
988	7.338391858642737e-24	nukn1238
989	2.106643724989279e-25	nung1282
990	1.4949025020153266e-20	nupe1254
991	1.5785127007142196e-23	nusu1239
992	1.8255767898029627e-23	nuuc1236
993	2.2436740035512444e-22	nuuu1241
994	5.610082796656222e-20	nyah1250
995	4.829472504066392e-28	nyak1260
996	9.55170516068584e-26	nyal1254
997	1.4146556150390448e-23	nyam1285
998	1.3673808315698682e-28	nyan1307
999	2.6608277583010386e-29	nyat1246
1000	1.9310696953179605e-29	nyor1246
1001	2.6126384714290713e-25	nyul1247
1002	5.282972149392247e-19	obok1239
1003	7.538462209320005e-32	occi1239
1004	2.9107866690239863e-27	ofay1240
1005	2.15257644433044e-27	okan1243
1006	4.3820951706477715e-22	okin1246
1007	1.0877680235486595e-25	oksa1245
1008	1.200258274373001e-32	olde1238
1009	4.233239469718598e-21	oldk1249
1010	2.768005817757898e-21	oldm1242
1011	6.669772871484131e-33	oloo1241
1012	6.530382553198301e-30	olut1240
1013	8.029023842213435e-27	omie1241
1014	4.584559864868595e-28	onaa1245
1015	7.644205274290848e-34	onon1246
1016	1.8828960295392115e-28	onto1237
1017	8.984507781337105e-23	oriy1255
1018	1.4936394557359304e-23	oroc1248
1019	2.020058465032984e-24	orok1265
1020	9.554320812506473e-23	orok1267
1021	3.9494028086283905e-22	orok1269
1022	2.5857001379485856e-26	orow1242
1023	1.8320171163972221e-31	otta1242
1024	3.387673046996096e-26	owaa1237
1025	1.1627780751353772e-29	paaa1242
1026	5.289783170479978e-24	paas1238
1027	7.211866928317682e-22	paco1243
1028	4.702588044859944e-31	pagi1243
1029	8.457696158040243e-27	pagu1249
1030	7.517032408203918e-22	pahn1237
1031	1.9164012431815703e-26	pait1244
1032	6.706081717439056e-25	pala1344
1033	3.662853545951821e-23	pamo1252
1034	4.16080839397314e-27	pamp1243
1035	6.996550883408134e-26	pana1307
1036	2.3646769308842788e-28	pang1287
1037	3.6930466769830928e-25	pang1290
1038	1.1028025177426058e-31	panj1256
1039	3.73060392399393e-21	pano1255
1040	4.705295003943898e-26	pany1241
1041	7.34669216668875e-24	papa1265
1042	1.0808840642240877e-19	papu1250
1043	7.163783096957823e-23	para1301
1044	3.377026668428615e-20	para1302
1045	1.7234843877595802e-32	patp1243
1046	1.73890492033074e-23	patt1248
1047	2.264851777850528e-27	paul1238
1048	3.305369839004716e-27	pawn1254
1049	4.530460232644492e-23	payn1244
1050	8.072902060263035e-25	peer1241
1051	3.979893103148146e-24	pela1242
1052	7.717576217680569e-26	pemo1248
1053	3.8895364685550887e-25	pend1242
1054	2.810888470853431e-25	peng1244
1055	9.880095428406328e-22	phai1238
1056	3.8029295211336603e-29	phoe1239
1057	1.1401319002594872e-23	phom1236
1058	1.1233813537343061e-26	pich1237
1059	2.8778407785467847e-21	piji1239
1060	3.715966893774928e-32	pila1245
1061	2.947428329822423e-27	pile1238
1062	6.759408610142624e-26	pima1248
1063	5.37569984031923e-22	pina1252
1064	6.442235698416571e-22	ping1243
1065	3.499473484734186e-30	pipi1250
1066	2.2524400308234354e-23	pite1240
1067	1.4591732387537553e-22	pitt1247
1068	2.184009799831305e-30	plai1258
1069	8.674505093495353e-33	plau1238
1070	2.304165653405615e-31	pnar1238
1071	4.3374931688595286e-23	pohn1238
1072	3.495058411801435e-30	poko1263
1073	1.3275556414270609e-33	poli1260
1074	1.3822920714459115e-30	popt1235
1075	3.3179459374132086e-34	port1283
1076	1.736187174405482e-23	port1285
1077	4.986815981828128e-25	psik1239
1078	2.5251143431750363e-28	puka1242
1079	9.383918679151167e-24	pulu1242
1080	1.3156950217636062e-25	puma1239
1081	3.8029295211336603e-29	puni1241
1082	1.0428163172922335e-21	pura1257
1083	2.594134928802427e-28	pure1242
1084	1.840004323159623e-24	puri1258
1085	1.1215831781213662e-30	qanj1241
1086	2.856750939342083e-20	qawa1238
1087	8.228977419736467e-23	qima1242
1088	1.2115262051243558e-32	quap1242
1089	5.006142766675158e-32	quer1236
1090	8.644862110557838e-36	quil1240
1091	1.9752902749305946e-23	quio1240
1092	9.789046715896163e-22	rabh1238
1093	4.9145361140991825e-22	rade1240
1094	9.07292257995543e-25	raji1240
1095	1.0517137703926525e-26	rapa1244
1096	7.519052559075317e-25	rapa1245
1097	1.9577360854909618e-27	raro1241
1098	6.334594887100036e-24	rata1244
1099	2.360966214463138e-21	remb1250
1100	5.3046547319741754e-20	reng1252
1101	2.8598842101057135e-31	renn1242
1102	3.59987784947985e-26	rere1240
1103	1.4736289547797784e-37	rikb1245
1104	7.219307628134159e-37	roma1326
1105	1.2952412309644032e-21	romb1245
1106	8.73286068515243e-22	rong1264
1107	1.0014380734954108e-20	rong1266
1108	1.338172423422091e-27	ronn1241
1109	7.979843067945498e-29	roto1249
1110	1.1076981954580303e-22	rotu1241
1111	2.1681610167612086e-26	rovi1238
1112	4.730957280621847e-23	ruch1235
1113	9.625007146313924e-27	ruka1240
1114	5.170802048596883e-22	ruma1248
1115	6.833058586902296e-30	rung1258
1116	1.5706455517210427e-32	russ1263
1117	2.518228735074736e-22	russ1264
1118	5.27909029475383e-25	saaa1241
1119	1.0071105166718557e-24	saar1237
1120	5.643492856428034e-22	saba1263
1121	1.1795670154848205e-22	saba1268
1122	1.4225703526142173e-23	sabu1255
1123	3.110452891216474e-27	saga1262
1124	3.985136351761228e-24	sais1237
1125	3.175462027977867e-26	saka1289
1126	6.084635383397707e-22	samb1305
1127	5.294518417021199e-23	samb1311
1128	2.2847676584946107e-29	samo1305
1129	1.1812307439008822e-31	sana1295
1130	4.522561858976441e-23	sana1297
1131	2.5476606741227723e-24	sanb1241
1132	2.3769586456566055e-23	sanb1242
1133	2.482040827787095e-31	sand1278
1134	4.7337231043903315e-28	sang1331
1135	1.4062321838129746e-22	sani1269
1136	6.495539830168417e-24	sanj1284
1137	2.513260487428106e-23	sanm1289
1138	6.1510814218788354e-24	sanm1295
1139	1.6826220785948835e-26	sant1410
1140	5.454454899985024e-29	sant1436
1141	2.693726294277434e-23	sant1451
1142	1.3484420014408708e-26	sanu1240
1143	6.588785898390701e-22	sapu1248
1144	2.140254426493958e-22	sara1321
1145	1.8825450834137827e-24	sara1340
1146	1.906856279351059e-28	sars1236
1147	8.041532526414538e-24	sasa1249
1148	4.0866744928445595e-24	sauk1252
1149	2.58234042426854e-24	saur1249
1150	1.1595443493644864e-28	savo1255
1151	1.5835478521666907e-21	seda1262
1152	1.8122840986514454e-23	seim1238
1153	1.6712347814942116e-25	seke1241
1154	4.7084640532373755e-24	sela1259
1155	7.597340795314672e-24	selk1253
1156	2.3400921269035104e-24	sema1265
1157	2.2435157197678587e-25	seme1247
1158	2.815312001301793e-28	sene1264
1159	1.2784295611937676e-30	seri1257
1160	1.8997998366694802e-22	serr1255
1161	3.411917009264966e-26	seve1240
1162	9.362691035713742e-20	sgaw1245
1163	1.0122921884071281e-34	shab1252
1164	3.904147194388569e-22	shan1283
1165	5.87807013438264e-34	shaw1249
1166	2.944682954542643e-20	shee1238
1167	1.9659468238960985e-21	shil1265
1168	4.7012596701481935e-21	ship1254
1169	1.5663677719391147e-24	shix1238
1170	5.702774373469293e-23	shol1240
1171	1.5880546456517382e-29	shon1251
1172	2.955193744000335e-23	shor1247
1173	1.38805273220109e-27	shos1248
1174	3.0830186346237276e-24	shua1257
1175	4.476277816651112e-23	shwe1236
1176	3.7094765295332826e-26	sich1238
1177	1.608135114620502e-32	sici1248
1178	2.71333372437784e-25	siee1239
1179	2.229615120704129e-28	sier1250
1180	1.533870016025573e-23	sika1261
1181	2.27910628758576e-27	siks1238
1182	2.1674771331330837e-25	sile1255
1183	7.87031682675271e-24	sina1266
1184	2.0835655286399462e-23	sing1264
1185	1.768249544157711e-21	sioo1240
1186	4.110287280267466e-24	sira1267
1187	5.373204506534771e-21	siri1273
1188	6.698008680873044e-28	situ1238
1189	2.2717123017625317e-24	sius1254
1190	3.69200035014587e-29	siwi1239
1191	3.6005980571396447e-22	skol1241
1192	5.594613865201085e-35	slov1268
1193	2.509648899445506e-28	soch1239
1194	1.937487627226727e-28	soga1242
1195	3.2196086656647873e-22	sons1242
1196	1.0971588694540158e-20	sooo1254
1197	1.2337182991685091e-30	sout1528
1198	6.873401875596428e-33	sout2649
1199	1.8116171249502926e-25	sout2674
1200	5.393682986666146e-22	sout2679
1201	1.6138086295389918e-25	sout2728
1202	5.919442817736869e-23	sout2729
1203	2.5658952800820942e-22	sout2730
1204	1.1730876819148064e-19	sout2782
1205	6.65239040980079e-29	sout2807
1206	7.028235050242942e-31	sout2856
1207	4.237345580469661e-26	sout2857
1208	4.247079363804617e-25	sout2869
1209	2.8267415036518606e-24	sout2895
1210	3.3195842082539715e-25	sout2918
1211	5.320989351748645e-23	sout2954
1212	3.636769531204751e-28	sout2956
1213	1.266892945203291e-30	sout2959
1214	7.696523101653344e-28	sout2976
1215	2.2232924476208217e-23	sout2985
1216	2.7468031133794406e-31	sout2989
1217	1.6267666414913667e-22	sout2994
1218	9.026518586512928e-25	sout2996
1219	1.8282246113112994e-28	sout3236
1220	5.612036912639416e-27	sout3261
1221	2.5633455073704193e-23	sril1245
1222	5.66728343812808e-32	stan1289
1223	2.826037851831165e-34	stan1290
1224	1.5754318628506498e-27	stan1293
1225	3.968914541323799e-22	stan1306
1226	1.1270598605331365e-37	stan1318
1227	6.589176144140742e-21	suda1237
1228	9.457945828544439e-25	sude1239
1229	1.4796189617106248e-29	sume1241
1230	7.708254251116253e-24	sumi1235
1231	3.8718428461935454e-22	sund1252
1232	9.393195386009115e-25	sunw1242
1233	9.790523757175824e-29	supy1237
1234	1.0766320467691646e-22	surg1248
1235	6.158062137389185e-27	surs1246
1236	1.1820601100696401e-29	swah1253
1237	6.193785983342435e-33	swed1254
1238	1.2262626433976191e-26	taba1263
1239	2.0919173266786252e-27	tabo1241
1240	1.1702982502785939e-24	taga1272
1241	6.929930285404908e-38	taha1241
1242	6.367232761768934e-30	tahi1242
1243	8.16184706400662e-28	taia1239
1244	2.671879675494842e-24	taji1246
1245	2.9995630698169856e-21	take1257
1246	2.7668032445013235e-24	taku1257
1247	1.6289754550606707e-38	tama1365
1248	9.725490576969074e-25	tami1289
1249	1.22667072042011e-22	tane1237
1250	9.585006139475296e-21	tang1334
1251	3.483113137626003e-20	tang1336
1252	6.630955706352775e-22	tang1347
1253	6.244774752695784e-25	tang1373
1254	3.014559428828032e-24	tang1377
1255	1.5189007507098592e-27	tanz1241
1256	6.430362913751919e-22	tara1313
1257	6.295751447713974e-40	tari1256
1258	1.3841890298345546e-31	tari1263
1259	3.3437114984509567e-23	tata1255
1260	1.5335790116855907e-27	tata1257
1261	1.8770444320667404e-34	taul1251
1262	4.9428083368998586e-27	taus1251
1263	4.478540526751567e-24	taus1253
1264	1.7602349085444898e-35	taya1257
1265	1.4265917345711932e-24	tbol1240
1266	1.6550402961038376e-23	tean1237
1267	9.289052236063091e-26	teda1241
1268	1.4597442090810574e-24	tedi1235
1269	2.595331031983168e-28	tehu1242
1270	2.8194403112500425e-27	teke1275
1271	1.8824483043295518e-26	tekt1235
1272	1.996207251520057e-23	temi1246
1273	2.015585230927936e-21	tene1248
1274	2.662575901198438e-26	tenn1246
1275	6.697871714736461e-27	teop1238
1276	6.7109791675688185e-22	tera1251
1277	3.6961142818529294e-24	teri1250
1278	1.549242579482381e-25	term1237
1279	4.0199589651189217e-25	tern1247
1280	8.823465000286353e-29	tete1251
1281	2.9319288120642896e-22	tetu1246
1282	6.473024882768235e-30	tezo1238
1283	1.616178776091504e-26	thad1238
1284	4.2259214136347855e-22	thak1245
1285	1.9886994059365086e-24	than1259
1286	2.0293131892604874e-24	thao1240
1287	1.1894655077714015e-24	thul1246
1288	5.75189626458328e-25	tibe1272
1289	1.5511612777612942e-27	ticu1245
1290	2.4151420962583565e-22	tief1242
1291	2.1336147488324932e-27	tief1244
1292	3.052880729082107e-23	tiga1245
1293	1.950296401590979e-23	tigo1236
1294	6.621908866590619e-31	tika1246
1295	1.1557652907148071e-27	tiko1237
1296	5.151175980264149e-34	timn1235
1297	4.4700654866924724e-27	timu1262
1298	1.0159455826812423e-25	tiri1258
1299	2.9638214594183374e-27	tita1241
1300	1.966025299712332e-27	toab1237
1301	1.0194406299008154e-20	toar1246
1302	1.301056693687704e-32	toba1268
1303	1.644603042091669e-26	tobe1252
1304	5.298862631004674e-28	toho1245
1305	2.2463158841334656e-26	tojo1241
1306	8.068708164252404e-32	toke1240
1307	9.11030047082921e-21	tokp1240
1308	4.5570084900175544e-23	tomm1242
1309	7.723546086343139e-22	tond1249
1310	5.1616599896128987e-23	tong1308
1311	3.283841732841472e-29	tong1318
1312	2.1804234101921264e-26	tong1325
1313	1.7679871989850376e-22	tong1329
1314	6.413267865011155e-25	tonk1249
1315	7.878287824483142e-27	toor1238
1316	3.607088742633054e-26	torr1261
1317	2.2446777433077955e-34	tosk1239
1318	1.30583014874375e-28	tote1238
1319	3.191855839630188e-21	toto1302
1320	5.64859088298532e-28	trio1238
1321	1.023083533018299e-26	trum1247
1322	3.0586375154484406e-30	tsam1247
1323	1.4511186097598823e-22	tsat1238
1324	5.840577090244575e-25	tsha1245
1325	3.597395667825517e-26	tsis1238
1326	3.954209549912497e-32	tsix1234
1327	3.410380880957285e-28	tsog1243
1328	2.360425000339871e-23	tson1249
1329	1.3759937919426925e-26	tswa1253
1330	1.539355161530374e-25	tswa1255
1331	9.956451779600564e-25	tuba1278
1332	3.7165603376005543e-25	tugu1245
1333	3.603932106633743e-27	tuka1248
1334	3.032237613595949e-29	tuki1240
1335	1.986283244040646e-27	tula1252
1336	1.6965289428876014e-22	tule1245
1337	2.8471341865079276e-25	tulu1258
1338	5.254279750087604e-25	tung1290
1339	3.2969298354800665e-28	tuni1252
1340	2.1916361547895516e-26	tunn1238
1341	3.4721020570316797e-28	tupi1273
1342	2.1148838658252623e-23	turk1303
1343	3.106446684435878e-23	turk1304
1344	1.4272916722263189e-33	tusc1257
1345	3.046934624203639e-25	tutu1241
1346	1.5705940089267723e-27	tuva1244
1347	1.0960412480844122e-21	tuvi1240
1348	8.996588691096956e-31	tuwa1243
1349	4.7189453512959555e-25	tuwu1238
1350	2.3144538430943628e-21	ubir1237
1351	1.2144791143345498e-26	ubyk1235
1352	5.4419961820158825e-24	udih1248
1353	1.0137214830787839e-23	udii1243
1354	1.2780326618131961e-28	ugar1238
1355	3.699247057812682e-23	ughe1237
1356	2.209708579370485e-29	ukra1253
1357	6.5119369279721405e-24	ulch1241
1358	1.6717045884387136e-24	ulit1238
1359	1.3409357181481634e-26	ulwa1239
1360	2.09910855775195e-28	umbu1257
1361	4.96869009827704e-29	umbu1258
1362	3.6876239821079075e-23	umes1235
1363	1.0726621731829164e-22	unua1237
1364	1.1372948774395991e-30	uppe1275
1365	9.037866151028758e-34	uppe1439
1366	5.811861685912573e-20	urak1238
1367	5.928957957408141e-21	urar1246
1368	3.4985731711568824e-25	urav1235
1369	7.085646718227029e-23	urim1252
1370	4.3504561663412e-27	urip1239
1371	2.17182597331919e-24	urni1239
1372	2.253449557187556e-21	uruu1244
1373	1.8405896997539496e-26	utes1238
1374	1.1486564318604703e-23	veps1250
1375	3.598485488251783e-26	vera1241
1376	7.558756750383347e-31	viem1243
1377	1.4500367615005261e-24	voti1245
1378	1.747023720418637e-25	vunj1238
1379	4.4821988771707084e-23	vure1239
1380	1.8840191076613313e-23	wage1238
1381	5.8734015113361145e-28	waig1244
1382	2.1229613056797888e-23	waim1251
1383	1.3644438218459287e-23	waiw1244
1384	2.702377932288748e-23	wala1266
1385	8.441856113827523e-25	wall1257
1386	5.404941529577894e-29	wamb1257
1387	4.122122462927026e-25	wand1267
1388	1.067205890372948e-28	wand1278
1389	5.346283362919688e-27	wang1291
1390	3.03167939948361e-25	waor1240
1391	6.166464003113074e-24	wapp1239
1392	6.242756489440041e-30	wara1294
1393	1.1937843381372958e-20	wara1303
1394	7.760441125853187e-27	ward1246
1395	2.8100043799430074e-24	ware1253
1396	1.639989764622162e-29	wari1268
1397	8.163459738231722e-30	warj1242
1398	3.270764599715789e-22	waru1265
1399	4.318801785193673e-24	wash1253
1400	1.9244265384691394e-22	wawa1246
1401	3.856976238953461e-30	waya1269
1402	1.7155924592325798e-24	wayu1241
1403	4.4590462362746326e-31	wels1247
1404	1.238102726192097e-28	weri1253
1405	4.38466664705063e-29	west2354
1406	1.0844931592457912e-24	west2369
1407	1.3284110917439091e-27	west2386
1408	4.4499717555590443e-23	west2392
1409	1.8159071508082183e-21	west2396
1410	3.150235723299231e-20	west2397
1411	9.003722901877298e-24	west2415
1412	4.875353070427699e-25	west2418
1413	1.6840546866517038e-21	west2430
1414	1.335191990997079e-26	west2441
1415	1.399646734656771e-29	west2466
1416	8.359186339767096e-28	west2516
1417	1.0452092757996346e-26	west2519
1418	1.2476187570579655e-20	west2548
1419	1.6745843624567392e-26	west2557
1420	1.762530303363793e-24	west2560
1421	4.9069482535750346e-26	west2594
1422	4.336175136515064e-22	west2600
1423	1.5325417053511406e-29	west2615
1424	4.9657010342959174e-26	west2632
1425	1.322677296162007e-34	west2635
1426	4.908774190371642e-24	west2644
1427	2.9884739230811723e-21	west2650
1428	2.2008341105977195e-30	west2763
1429	4.1483192649847786e-23	whit1269
1430	6.10509661953804e-29	wint1259
1431	6.069865142579361e-29	wiru1244
1432	1.986442820037531e-26	woii1237
1433	7.742144464327791e-25	wola1242
1434	2.597313578093064e-32	wola1253
1435	1.602203203083258e-23	woli1241
1436	4.09151051372196e-31	wood1236
1437	1.4165869247518203e-32	worr1237
1438	4.805491213764074e-22	wotu1240
1439	1.3730284544465404e-24	woun1238
1440	1.582707717209168e-21	wuch1236
1441	1.8836671048396312e-25	wudi1238
1442	2.349923568480243e-21	wusa1235
1443	5.819084117373008e-21	wutu1241
1444	1.8068126108736083e-24	wuvu1239
1445	1.316043696329946e-30	xamt1239
1446	7.477748665333884e-25	xara1244
1447	1.1208951956161926e-29	xava1240
1448	2.6224102477867595e-24	xinc1242
1449	9.479170987412691e-24	xinc1243
1450	2.0630920580411375e-25	xinc1246
1451	9.3667697504078e-24	xink1235
1452	7.810407205915612e-20	xish1235
1453	1.122227011607558e-28	xokl1240
1454	1.195094832123343e-28	yaak1241
1455	3.0381950725848023e-22	yaey1239
1456	6.797240705375889e-28	yagu1244
1457	2.012737474853477e-23	yaka1277
1458	4.668967410967019e-26	yaki1237
1459	4.1937912401303714e-23	yakk1236
1460	7.144351320474324e-23	yaku1245
1461	8.27771132294334e-24	yala1262
1462	4.863330976343253e-24	yale1246
1463	1.6455821372037656e-26	yami1254
1464	5.1607300778269145e-22	yami1256
1465	4.449700914704405e-31	yano1261
1466	1.085299323539554e-35	yape1248
1467	3.7885817242397494e-28	yapu1240
1468	1.2611198309125879e-28	yaqu1251
1469	3.846772891585388e-24	yare1248
1470	2.31357095506292e-29	yatz1235
1471	2.0801108666215716e-26	yaul1241
1472	1.9448586502640833e-26	yaum1237
1473	1.4060596131182488e-22	yawa1260
1474	9.440064918677459e-28	yawu1244
1475	3.182743255360028e-22	yayg1236
1476	5.8812559186895235e-27	yecu1235
1477	3.247918778523473e-36	yele1255
1478	7.037332327864094e-28	yems1235
1479	7.611489662929396e-23	yidi1250
1480	1.138930080536448e-25	yind1247
1481	2.1962364322617156e-25	yoga1237
1482	1.0557589851860137e-23	yoku1256
1483	2.108143164079497e-23	yona1241
1484	1.6873986742484928e-21	yong1270
1485	2.9083668630112696e-28	yong1280
1486	1.1857160760853494e-19	youl1235
1487	1.4538385136528008e-22	youn1235
1488	2.900016003965936e-27	yuca1254
1489	5.862184750302389e-28	yuch1247
1490	7.512902827815877e-30	yuec1235
1491	1.3095104886342158e-24	yuki1243
1492	4.016040172370562e-24	yulp1239
1493	6.137097399263808e-24	yulu1243
1494	1.159464999198227e-28	yuqu1240
1495	6.113176772320452e-26	yura1255
1496	6.712988366046556e-28	yuro1248
1497	3.892495972310153e-30	zaba1237
1498	4.814165548642911e-29	zaca1241
1499	3.243548769043683e-23	zaca1242
1500	1.2181435474807563e-27	zagh1240
1501	9.413183312447623e-24	zaiw1241
1502	6.120127995552732e-29	zamb1245
1503	3.893913975142408e-30	zani1235
1504	2.267850375007175e-24	zarm1239
1505	4.511945842248126e-21	zaye1235
1506	6.261498769229666e-26	zays1235
1507	2.0537527869931876e-20	zeme1240
1508	3.7996430567740834e-28	zoog1238
1509	3.092647977806995e-29	zuni1245
